,first,last,season_code,installment,brand,brand_season,year,total_houseguests,total_days,age,age_group,gender,oringal_race_ethnicity,race_ethnicity,latinx_hispanic,biracial,biracial_one,biracial_two,lgbts,person_with_disability,hometown,homestate,appearance,comeback_sequester,came_back,first_eviction_day,first_eviction_week,day_of_comeback_sequester_end,days_of_comeback_sequesters,weeks_of_comeback_sequester,made_jury,days_of_jury_sequester,final_eviction_day,final_eviction_week,days_in_game_including_sequester,total_days_in_game_excluding_sequester,weeks_in_game_including_sequester,weeks_in_game_excluding_sequester,afp,ejected,self_evicted,total_vetos,total_hoh,other_comp_wins,total_nominations,total_wins,final_placement,placement_rank_percent,name
0,Will,Kirby,bbus2,2,regular,2,2001,12,82,28,20-somethings,male,white,white,no,no,,,non-lgbt,no,miami,FL,1,no,no,82,12,,,,final,0,82,12,82,82,11.71,11.71,,no,no,0.0,0.0,0.0,4,0.0,1,0.08,Will Kirby
1,Nicole,Schaffrich,bbus2,2,regular,2,2001,12,82,31,30-somethings,female,white,white,no,no,,,non-lgbt,no,atlanta,GA,1,no,no,82,12,,,,final,0,82,12,82,82,11.71,11.71,,no,no,0.0,1.0,0.0,2,1.0,2,0.17,Nicole Schaffrich
2,Monica,Bailey,bbus2,2,regular,2,2001,12,82,40,40-somethings,female,black,black,no,no,,,non-lgbt,no,brooklyn,NY,1,no,no,77,11,,,,yes,0,77,11,77,77,11.0,11.0,,no,no,0.0,1.0,0.0,2,1.0,3,0.25,Monica Bailey
3,Hardy,Ames-Hill,bbus2,2,regular,2,2001,12,82,31,30-somethings,male,white,white,no,no,,,non-lgbt,no,york,PA,1,no,no,68,10,,,,yes,0,68,10,68,68,9.71,9.71,,no,no,0.0,3.0,0.0,1,3.0,4,0.33,Hardy Ames-Hill
4,Bunky,Miller,bbus2,2,regular,2,2001,12,82,36,30-somethings,male,white,white,no,no,,,gay,no,harrisburg,NC,1,no,no,61,9,,,,yes,0,61,9,61,61,8.71,8.71,,no,no,0.0,0.0,0.0,1,0.0,5,0.42,Bunky Miller
5,Krista,Stegall,bbus2,2,regular,2,2001,12,82,28,20-somethings,female,white,white,no,no,,,non-lgbt,no,opelousas,LA,1,no,no,47,7,,,,yes,0,47,7,47,47,6.71,6.71,,no,no,0.0,1.0,0.0,2,1.0,6,0.5,Krista Stegall
6,Kent,Blackwelder,bbus2,2,regular,2,2001,12,82,46,40-somethings,male,white,white,no,no,,,non-lgbt,no,powell,TN,1,no,no,40,6,,,,yes,0,40,6,40,40,5.71,5.71,,no,no,0.0,1.0,0.0,2,1.0,7,0.58,Kent Blackwelder
7,"Mike ""Boogie""",Malin,bbus2,2,regular,2,2001,12,82,30,30-somethings,male,white,white,no,no,,,non-lgbt,no,los angeles,CA,1,no,no,33,5,,,,yes,0,33,5,33,33,4.71,4.71,,no,no,0.0,1.0,0.0,1,1.0,8,0.67,"Mike ""Boogie"" Malin"
8,Shannon,Dragoo,bbus2,2,regular,2,2001,12,82,29,20-somethings,female,white,white,no,no,,,non-lgbt,no,san antonio,TX,1,no,no,26,4,,,,yes,0,26,4,26,26,3.71,3.71,,no,no,0.0,0.0,0.0,1,0.0,9,0.75,Shannon Dragoo
9,Autumn,Daly,bbus2,2,regular,2,2001,12,82,28,20-somethings,female,black,black,no,no,,,non-lgbt,no,irving,TX,1,no,no,19,3,,,,yes,0,19,3,19,19,2.71,2.71,,no,no,0.0,0.0,0.0,1,0.0,10,0.83,Autumn Daly
10,Sheryl,Braxton,bbus2,2,regular,2,2001,12,82,43,40-somethings,female,white,white,no,no,,,non-lgbt,no,ponte vedra beach,FL,1,no,no,12,2,,,,yes,0,12,2,12,12,1.71,1.71,,no,no,0.0,0.0,0.0,1,0.0,11,0.92,Sheryl Braxton
11,Justin,Sebik,bbus2,2,regular,2,2001,12,82,26,20-somethings,male,white,white,no,no,,,non-lgbt,no,bayonne,NJ,1,no,no,10,1,,,,no,0,10,2,10,10,1.43,1.43,,yes,no,0.0,0.0,0.0,0,0.0,12,1.0,Justin Sebik
12,Lisa,Donahue,bbus3,3,regular,3,2002,12,82,26,20-somethings,female,white,white,no,no,,,non-lgbt,no,los angeles,CA,1,no,no,82,12,,,,final,0,82,12,82,82,11.71,11.71,,no,no,1.0,2.0,0.0,2,3.0,1,0.08,Lisa Donahue
13,Danielle,Reyes,bbus3,3,regular,3,2002,12,82,30,30-somethings,female,black,black,no,no,,,non-lgbt,no,fairfield,CA,1,no,no,82,12,,,,final,0,82,12,82,82,11.71,11.71,,no,no,1.0,1.0,0.0,1,2.0,2,0.17,Danielle Reyes
14,Jason,Guy,bbus3,3,regular,3,2002,12,82,25,20-somethings,male,white,white,no,no,,,non-lgbt,no,mobile,AL,1,no,no,78,11,,,,yes,0,78,12,78,78,11.14,11.14,,no,no,1.0,2.0,0.0,1,3.0,3,0.25,Jason Guy
15,Amy,Crews,bbus3,3,regular,3,2002,12,82,23,20-somethings,female,white,white,no,no,,,non-lgbt,no,memphis,TN,1,yes,yes,27,4,41,14,2,yes,0,76,11,76,62,10.86,8.86,,no,no,1.0,1.0,0.0,6,2.0,4,0.33,Amy Crews
16,Marcellas,Reynolds,bbus3,3,regular,3,2002,12,82,34,30-somethings,male,black,black,no,no,,,gay,no,chicago,IL,1,no,no,69,10,,,,yes,0,69,10,69,69,9.86,9.86,,no,no,1.0,2.0,0.0,3,3.0,5,0.42,Marcellas Reynolds
17,Roddy,Mancuso,bbus3,3,regular,3,2002,12,82,30,30-somethings,male,white,white,no,no,,,non-lgbt,no,morristown,NJ,1,no,no,62,9,,,,yes,0,62,9,62,62,8.86,8.86,,no,no,0.0,1.0,0.0,3,1.0,6,0.5,Roddy Mancuso
18,Gerry,Lancaster,bbus3,3,regular,3,2002,12,82,51,50+,male,white,white,no,no,,,non-lgbt,no,shadow hills,CA,1,no,no,55,8,,,,yes,0,55,8,55,55,7.86,7.86,,no,no,2.0,1.0,0.0,1,3.0,7,0.58,Gerry Lancaster
19,Chiara,Berti,bbus3,3,regular,3,2002,12,82,25,20-somethings,female,white,white,no,no,,,non-lgbt,no,new york city,NY,1,no,no,48,7,,,,yes,0,48,7,48,48,6.86,6.86,,no,no,1.0,1.0,0.0,1,2.0,8,0.67,Chiara Berti
20,Josh,Feinberg,bbus3,3,regular,3,2002,12,82,28,20-somethings,male,white,white,no,no,,,non-lgbt,no,long island,NY,1,no,no,41,6,,,,yes,0,41,6,41,41,5.86,5.86,,no,no,0.0,0.0,0.0,2,0.0,9,0.75,Josh Feinberg
21,Eric,Ouellette,bbus3,3,regular,3,2002,12,82,27,20-somethings,male,white,white,no,no,,,non-lgbt,no,milford,CT,1,yes,no,34,5,41,7,1,yes,0,34,5,34,34,4.86,4.86,,no,no,1.0,0.0,0.0,1,1.0,10,0.83,Eric Ouellette
22,Tonya,Paoni,bbus3,3,regular,3,2002,12,82,35,30-somethings,female,white,white,no,no,,,non-lgbt,no,las vegas,NV,1,yes,no,20,3,41,21,3,yes,0,20,3,20,20,2.86,2.86,,no,no,0.0,0.0,0.0,1,0.0,11,0.92,Tonya Paoni
23,Lori,Olson,bbus3,3,regular,3,2002,12,82,37,30-somethings,female,white,white,no,no,,,non-lgbt,no,foxboro,WI,1,yes,no,13,2,41,28,4,yes,0,13,2,13,13,1.86,1.86,,no,no,0.0,0.0,0.0,1,0.0,12,1.0,Lori Olson
24,Jun,Song,bbus4,4,regular,4,2003,13,82,27,20-somethings,female,asian,asian,no,no,,,non-lgbt,no,new york city,NY,1,no,no,82,12,,,,final,0,82,12,82,82,11.71,11.71,,no,no,1.0,1.0,0.0,3,2.0,1,0.08,Jun Song
25,Alison,Irwin,bbus4,4,regular,4,2003,13,82,22,20-somethings,female,white,white,no,no,,,non-lgbt,no,meadville,PA,1,no,no,82,12,,,,final,0,82,12,82,82,11.71,11.71,,no,no,2.0,2.0,0.0,3,4.0,2,0.15,Alison Irwin
26,Robert,Roman,bbus4,4,regular,4,2003,13,82,33,30-somethings,male,latinx,white-latinx,yes,no,,,non-lgbt,no,los angeles,CA,1,no,no,75,11,,,,yes,7,75,12,82,75,11.71,10.71,,no,no,2.0,1.0,0.0,3,3.0,3,0.23,Robert Roman
27,Erika,Landin,bbus4,4,regular,4,2003,13,82,33,30-somethings,female,white,white,no,no,,,non-lgbt,no,los angeles,CA,1,no,no,68,10,,,,yes,14,68,12,82,68,11.71,9.71,,no,no,0.0,1.0,0.0,3,1.0,4,0.31,Erika Landin
28,Jee,Choe,bbus4,4,regular,4,2003,13,82,23,20-somethings,male,asian,asian,no,no,,,non-lgbt,no,elmhurst,NY,1,no,no,61,9,,,,yes,21,61,12,82,61,11.71,8.71,,no,no,1.0,2.0,0.0,2,3.0,5,0.38,Jee Choe
29,Jack,Owens,bbus4,4,regular,4,2003,13,82,58,50+,male,white,white,no,no,,,non-lgbt,no,birmingham,AL,1,no,no,54,8,,,,yes,28,54,12,82,54,11.71,7.71,,no,no,0.0,0.0,0.0,3,0.0,6,0.46,Jack Owens
30,Justin,Giovinco,bbus4,4,regular,4,2003,13,82,22,20-somethings,male,white,white,no,no,,,non-lgbt,no,pittsburgh,PA,1,no,no,47,7,,,,yes,35,47,12,82,47,11.71,6.71,,no,no,0.0,1.0,0.0,1,1.0,7,0.54,Justin Giovinco
31,Nathan,Marlow,bbus4,4,regular,4,2003,13,82,23,20-somethings,male,white,white,no,no,,,non-lgbt,no,edmond,OK,1,no,no,40,6,,,,yes,42,40,12,82,40,11.71,5.71,,no,no,1.0,1.0,0.0,1,2.0,8,0.62,Nathan Marlow
32,Dana,Varela,bbus4,4,regular,4,2003,13,82,28,20-somethings,female,unknown,unknown,no,no,,,non-lgbt,no,queens,NY,1,no,no,33,5,,,,yes,49,33,12,82,33,11.71,4.71,,no,no,1.0,1.0,0.0,1,2.0,9,0.69,Dana Varela
33,David,Lane,bbus4,4,regular,4,2003,13,82,21,20-somethings,male,white,white,no,no,,,non-lgbt,no,deerfield beach,FL,1,no,no,26,4,,,,no,0,26,4,26,26,3.71,3.71,,no,no,1.0,0.0,0.0,1,1.0,10,0.77,David Lane
34,Michelle,Maradie,bbus4,4,regular,4,2003,13,82,19,teens,female,white,white,no,no,,,non-lgbt,no,boca raton,FL,1,no,no,19,3,,,,no,0,19,3,19,19,2.71,2.71,,no,no,0.0,0.0,0.0,1,0.0,11,0.85,Michelle Maradie
35,Amanda,Craig,bbus4,4,regular,4,2003,13,82,25,20-somethings,female,black,biracial,no,yes,black,white,non-lgbt,no,chicago,IL,1,no,no,12,2,,,,no,0,12,2,12,12,1.71,1.71,,no,no,0.0,0.0,0.0,1,0.0,12,0.92,Amanda Craig
36,Scott,Weintraub,bbus4,4,regular,4,2003,13,82,33,30-somethings,male,white,white,no,no,,,non-lgbt,no,chicago,IL,1,no,no,8,1,,,,no,0,8,2,8,8,1.14,1.14,,yes,no,0.0,0.0,0.0,0,0.0,13,1.0,Scott Weintraub
37,Drew,Daniel,bbus5,5,regular,5,2004,14,82,22,20-somethings,male,white,white,no,no,,,non-lgbt,no,urbana,OH,1,no,no,82,12,,,,final,0,82,12,82,82,11.71,11.71,,no,no,1.0,4.0,0.0,1,5.0,1,0.07,Drew Daniel
38,"Michael ""Cowboy""",Ellis,bbus5,5,regular,5,2004,14,82,23,20-somethings,male,white,white,no,no,,,non-lgbt,no,durant,OK,1,no,no,82,12,,,,final,0,82,12,82,82,11.71,11.71,,no,no,1.0,0.0,0.0,4,1.0,2,0.14,"Michael ""Cowboy"" Ellis"
39,Diane,Henry,bbus5,5,regular,5,2004,14,82,22,20-somethings,female,white,white,no,no,,,non-lgbt,no,burlington,KY,1,no,no,78,11,,,,yes,4,78,12,82,78,11.71,11.14,,no,no,2.0,1.0,0.0,4,3.0,3,0.21,Diane Henry
40,"Jennifer ""Nakomis""",Dedmon,bbus5,5,regular,5,2004,14,82,21,20-somethings,female,white,white,no,no,,,non-lgbt,no,san antonio,TX,1,no,no,75,11,,,,yes,7,75,12,82,75,11.71,10.71,,no,no,1.0,3.0,0.0,4,4.0,4,0.29,"Jennifer ""Nakomis"" Dedmon"
41,Karen,Ganci,bbus5,5,regular,5,2004,14,82,30,30-somethings,female,white,white,no,no,,,non-lgbt,no,saddle brook,NJ,1,no,no,70,10,,,,yes,12,70,12,82,70,11.71,10.0,,no,no,1.0,0.0,0.0,2,1.0,5,0.36,Karen Ganci
42,Marvin,Latimer,bbus5,5,regular,5,2004,14,82,36,30-somethings,male,black,black,no,no,,,non-lgbt,no,conway,SC,1,no,no,65,9,,,,yes,17,65,12,82,65,11.71,9.29,,no,no,0.0,2.0,0.0,4,2.0,6,0.43,Marvin Latimer
43,Adria,Klein,bbus5,5,regular,5,2004,14,82,30,30-somethings,female,white,white,no,no,,,non-lgbt,no,birmingham,AL,1,no,no,63,9,,,,yes,19,63,12,82,63,11.71,9.0,,no,no,2.0,1.0,0.0,3,3.0,7,0.5,Adria Klein
44,Natalie,Carroll,bbus5,5,regular,5,2004,14,82,30,30-somethings,female,white,white,no,no,,,non-lgbt,no,birmingham,AL,1,no,no,56,8,,,,yes,26,56,12,82,56,11.71,8.0,,no,no,0.0,0.0,0.0,1,0.0,8,0.57,Natalie Carroll
45,Will,Wikle,bbus5,5,regular,5,2004,14,82,26,20-somethings,male,white,white,no,no,,,gay,no,tulepo,MS,1,no,no,49,7,,,,yes,33,49,12,82,49,11.71,7.0,,no,no,0.0,0.0,0.0,1,0.0,9,0.64,Will Wikle
46,Jase,Wirey,bbus5,5,regular,5,2004,14,82,28,20-somethings,male,white,white,no,no,,,non-lgbt,no,decatur,IL,1,no,no,42,6,,,,no,0,42,6,42,42,6.0,6.0,,no,no,2.0,1.0,0.0,2,3.0,10,0.71,Jase Wirey
47,Scott,Long,bbus5,5,regular,5,2004,14,82,25,20-somethings,male,white,white,no,no,,,non-lgbt,no,pittsburgh,PA,1,no,no,35,5,,,,no,0,35,5,35,35,5.0,5.0,,no,no,1.0,0.0,0.0,1,1.0,11,0.79,Scott Long
48,Holly,King,bbus5,5,regular,5,2004,14,82,26,20-somethings,female,white,white,no,no,,,non-lgbt,no,los angeles,CA,1,no,no,28,4,,,,no,0,28,4,28,28,4.0,4.0,,no,no,0.0,0.0,0.0,2,0.0,12,0.86,Holly King
49,Lori,Valenti,bbus5,5,regular,5,2004,14,82,26,20-somethings,female,white,white,no,no,,,non-lgbt,no,boston,MA,1,no,no,21,3,,,,no,0,21,3,21,21,3.0,3.0,,no,no,0.0,0.0,0.0,1,0.0,13,0.93,Lori Valenti
50,Mike,Lubinski,bbus5,5,regular,5,2004,14,82,41,40-somethings,male,white,white,no,no,,,non-lgbt,no,eastpointe,MI,1,no,no,14,2,,,,no,0,14,2,14,14,2.0,2.0,,no,no,0.0,0.0,0.0,1,0.0,14,1.0,Mike Lubinski
51,Maggie,Ausburn,bbus6,6,regular,6,2005,14,80,27,20-somethings,female,white,white,no,no,,,non-lgbt,no,las vegas,NV,1,no,no,80,11,,,,final,0,80,12,80,80,11.43,11.43,,no,no,1.0,1.0,0.0,4,2.0,1,0.07,Maggie Ausburn
52,Ivette,Corredero,bbus6,6,regular,6,2005,14,80,25,20-somethings,female,latinx,other-latinx,yes,no,,,lesbian,no,miami beach,FL,1,no,no,80,11,,,,final,0,80,12,80,80,11.43,11.43,,no,no,1.0,2.0,0.0,4,3.0,2,0.14,Ivette Corredero
53,Janelle,Pierzina,bbus6,6,regular,6,2005,14,80,25,20-somethings,female,white,white,no,no,,,non-lgbt,no,miami beach,FL,1,no,no,76,11,,,,yes,4,76,12,80,76,11.43,10.86,,no,no,2.0,2.0,0.0,6,4.0,3,0.21,Janelle Pierzina
54,April,Lewis,bbus6,6,regular,6,2005,14,80,31,30-somethings,female,white,white,no,no,,,non-lgbt,no,dallas,TX,1,no,no,73,10,,,,yes,7,73,12,80,73,11.43,10.43,,no,no,1.0,1.0,0.0,2,2.0,4,0.29,April Lewis
55,Howie,Gordon,bbus6,6,regular,6,2005,14,80,34,30-somethings,male,white,white,no,no,,,non-lgbt,no,chicago,IL,1,no,no,68,10,,,,yes,12,68,12,80,68,11.43,9.71,,no,no,0.0,2.0,0.0,3,2.0,5,0.36,Howie Gordon
56,Beau,Beasley,bbus6,6,regular,6,2005,14,80,25,20-somethings,male,black,black,no,no,,,gay,no,pembroke pines,FL,1,no,no,63,9,,,,yes,17,63,12,80,63,11.43,9.0,,no,no,0.0,1.0,0.0,1,1.0,6,0.43,Beau Beasley
57,James,Rhine,bbus6,6,regular,6,2005,14,80,29,20-somethings,male,white,white,no,no,,,non-lgbt,no,atlanta,GA,1,no,no,61,9,,,,yes,19,61,12,80,61,11.43,8.71,,no,no,4.0,0.0,0.0,4,4.0,7,0.5,James Rhine
58,Rachel,Plencner,bbus6,6,regular,6,2005,14,80,33,30-somethings,female,white,white,no,no,,,non-lgbt,no,parker,CO,1,no,no,54,8,,,,yes,26,54,12,80,54,11.43,7.71,,no,no,2.0,1.0,0.0,2,3.0,8,0.57,Rachel Plencner
59,Jennifer,Vasquez,bbus6,6,regular,6,2005,14,80,27,20-somethings,female,latinx,other-latinx,yes,no,,,non-lgbt,no,plano,TX,1,no,no,49,7,,,,yes,31,49,12,80,49,11.43,7.0,,no,no,0.0,1.0,0.0,1,1.0,9,0.64,Jennifer Vasquez
60,Kaysar,Ridha,bbus6,6,regular,6,2005,14,80,25,20-somethings,male,middle eastern,middle eastern,no,no,,,non-lgbt,no,irvine,CA,1,yes,yes,33,5,40,7,1,no,0,47,7,47,40,6.71,5.71,,no,no,0.0,1.0,0.0,3,1.0,10,0.71,Kaysar Ridha
61,Sarah,Hrejsa,bbus6,6,regular,6,2005,14,80,23,20-somethings,female,white,white,no,no,,,non-lgbt,no,chicago,IL,1,no,no,40,6,,,,no,0,40,6,40,40,5.71,5.71,,no,no,1.0,0.0,0.0,1,1.0,11,0.79,Sarah Hrejsa
62,Eric,Littmann,bbus6,6,regular,6,2005,14,80,36,30-somethings,male,white,white,no,no,,,non-lgbt,no,boston,MA,1,yes,no,26,4,40,14,2,no,0,26,4,26,26,3.71,3.71,,no,no,0.0,1.0,0.0,1,1.0,12,0.86,Eric Littmann
63,Michael,Donnellan,bbus6,6,regular,6,2005,14,80,28,20-somethings,male,white,white,no,no,,,non-lgbt,no,orange county,CA,1,yes,no,19,3,40,21,3,no,0,19,3,19,19,2.71,2.71,,no,no,0.0,0.0,0.0,1,0.0,13,0.93,Michael Donnellan
64,Ashlea,Evans,bbus6,6,regular,6,2005,14,80,22,20-somethings,female,white,white,no,no,,,non-lgbt,no,plantation,FL,1,no,no,12,2,,,,no,0,12,2,12,12,1.71,1.71,,no,yes,0.0,0.0,0.0,1,0.0,14,1.0,Ashlea Evans
65,"Mike ""Boogie""",Malin,bbus7,7,all-stars,1,2006,14,72,36,30-somethings,male,white,white,no,no,,,non-lgbt,no,concord,NH,2,no,no,72,10,,,,final,0,72,11,72,72,10.29,10.29,no,no,no,1.0,3.0,0.0,2,4.0,1,0.07,"Mike ""Boogie"" Malin"
66,Erika,Landin,bbus7,7,all-stars,1,2006,14,72,36,30-somethings,female,white,white,no,no,,,non-lgbt,no,chicago,IL,2,no,no,72,10,,,,final,0,72,11,72,72,10.29,10.29,no,no,no,2.0,1.0,0.0,6,3.0,2,0.14,Erika Landin
67,Janelle,Pierzina,bbus7,7,all-stars,1,2006,14,72,26,20-somethings,female,white,white,no,no,,,non-lgbt,no,grand rapids,MN,2,no,no,67,10,,,,yes,5,67,11,72,67,10.29,9.57,yes,no,no,5.0,4.0,0.0,4,9.0,3,0.21,Janelle Pierzina
68,Will,Kirby,bbus7,7,all-stars,1,2006,14,72,33,30-somethings,male,white,white,no,no,,,non-lgbt,no,miami,FL,2,no,no,65,9,,,,yes,7,65,11,72,65,10.29,9.29,no,no,no,0.0,0.0,0.0,2,0.0,4,0.29,Will Kirby
69,George,Boswell,bbus7,7,all-stars,1,2006,14,72,47,40-somethings,male,white,white,no,no,,,non-lgbt,no,rockford,IL,2,no,no,60,9,,,,yes,12,60,11,72,60,10.29,8.57,no,no,no,1.0,1.0,0.0,4,2.0,5,0.36,George Boswell
70,Danielle,Reyes,bbus7,7,all-stars,1,2006,14,72,34,30-somethings,female,black,black,no,no,,,non-lgbt,no,vacaville,CA,2,no,no,60,9,,,,yes,12,60,11,72,60,10.29,8.57,no,no,no,1.0,1.0,0.0,3,2.0,6,0.43,Danielle Reyes
71,James,Rhine,bbus7,7,all-stars,1,2006,14,72,30,30-somethings,male,white,white,no,no,,,non-lgbt,no,miami,FL,2,no,no,53,8,,,,yes,19,53,11,72,53,10.29,7.57,no,no,no,1.0,1.0,0.0,3,2.0,7,0.5,James Rhine
72,Howie,Gordon,bbus7,7,all-stars,1,2006,14,72,35,30-somethings,male,white,white,no,no,,,non-lgbt,no,chicago,IL,2,no,no,47,7,,,,yes,25,47,11,72,47,10.29,6.71,no,no,no,0.0,0.0,0.0,1,0.0,8,0.57,Howie Gordon
73,Marcellas,Reynolds,bbus7,7,all-stars,1,2006,14,72,36,30-somethings,male,black,black,no,no,,,gay,no,chicago,IL,2,no,no,46,7,,,,yes,26,46,11,72,46,10.29,6.57,no,no,no,0.0,0.0,0.0,1,0.0,9,0.64,Marcellas Reynolds
74,Kaysar,Ridha,bbus7,7,all-stars,1,2006,14,72,25,20-somethings,male,middle eastern,middle eastern,no,no,,,non-lgbt,no,irvine,CA,2,no,no,39,6,,,,no,0,39,6,39,39,5.57,5.57,no,no,no,0.0,1.0,0.0,1,1.0,10,0.71,Kaysar Ridha
75,Diane,Henry,bbus7,7,all-stars,1,2006,14,72,24,20-somethings,female,white,white,no,no,,,non-lgbt,no,cincinnati,OH,2,no,no,32,5,,,,no,0,32,5,32,32,4.57,4.57,no,no,no,0.0,0.0,0.0,2,0.0,11,0.79,Diane Henry
76,Jase,Wirey,bbus7,7,all-stars,1,2006,14,72,30,30-somethings,male,white,white,no,no,,,non-lgbt,no,taylorville,IL,2,no,no,25,4,,,,no,0,25,4,25,25,3.57,3.57,no,no,no,0.0,1.0,0.0,1,1.0,12,0.86,Jase Wirey
77,"Jennifer ""Nakomis""",Dedmon,bbus7,7,all-stars,1,2006,14,72,23,20-somethings,female,white,white,no,no,,,non-lgbt,no,san antonio,TX,2,no,no,18,3,,,,no,0,18,3,18,18,2.57,2.57,no,no,no,0.0,0.0,0.0,1,0.0,13,0.93,"Jennifer ""Nakomis"" Dedmon"
78,Alison,Irwin,bbus7,7,all-stars,1,2006,14,72,25,20-somethings,female,white,white,no,no,,,non-lgbt,no,meadville,PA,2,no,no,11,2,,,,no,0,11,2,11,11,1.57,1.57,no,no,no,0.0,0.0,0.0,1,0.0,14,1.0,Alison Irwin
79,Dick,Donato,bbus8,8,regular,7,2007,14,81,44,40-somethings,male,white,white,no,no,,,non-lgbt,no,los angeles,CA,1,no,no,81,12,,,,final,0,81,12,81,81,11.57,11.57,no,no,no,1.0,3.0,0.0,3,4.0,1,0.07,Dick Donato
80,Daniele,Donato,bbus8,8,regular,7,2007,14,81,20,20-somethings,female,white,white,no,no,,,non-lgbt,no,hunting beach,CA,1,no,no,81,12,,,,final,0,81,12,81,81,11.57,11.57,no,no,no,5.0,2.0,0.0,4,7.0,2,0.14,Daniele Donato
81,Zach,Swerdzewski,bbus8,8,regular,7,2007,14,81,30,30-somethings,male,white,white,no,no,,,non-lgbt,no,tallahassee,FL,1,no,no,76,11,,,,yes,5,76,12,81,76,11.57,10.86,no,no,no,1.0,2.0,0.0,2,3.0,3,0.21,Zach Swerdzewski
82,Jameka,Cameron,bbus8,8,regular,7,2007,14,81,28,20-somethings,female,black,black,no,no,,,non-lgbt,no,waldorf,MD,1,no,no,74,11,,,,yes,7,74,12,81,74,11.57,10.57,no,no,no,1.0,0.0,0.0,4,1.0,4,0.29,Jameka Cameron
83,Eric,Stein,bbus8,8,regular,7,2007,14,81,27,20-somethings,male,white,white,no,no,,,non-lgbt,no,new york city,NY,1,no,no,69,10,,,,yes,12,69,12,81,69,11.57,9.86,no,no,no,1.0,0.0,0.0,2,1.0,5,0.36,Eric Stein
84,Jessica,Hughbanks,bbus8,8,regular,7,2007,14,81,21,20-somethings,female,white,white,no,no,,,non-lgbt,no,haysville,KS,1,no,no,69,10,,,,yes,12,69,12,81,69,11.57,9.86,no,no,no,0.0,2.0,0.0,1,2.0,6,0.43,Jessica Hughbanks
85,Amber,Siyavus,bbus8,8,regular,7,2007,14,81,27,20-somethings,female,white,white,no,no,,,non-lgbt,no,las vegas,NV,1,no,no,62,9,,,,yes,19,62,12,81,62,11.57,8.86,no,no,no,0.0,0.0,0.0,3,0.0,7,0.5,Amber Siyavus
86,Jen,Johnson,bbus8,8,regular,7,2007,14,81,23,20-somethings,female,white,white,no,no,,,non-lgbt,no,beverly hills,CA,1,no,no,55,8,,,,yes,26,55,12,81,55,11.57,7.86,no,no,no,2.0,1.0,0.0,4,3.0,8,0.57,Jen Johnson
87,Dustin,Erikstrup,bbus8,8,regular,7,2007,14,81,22,20-somethings,male,white,white,no,no,,,gay,no,chicago,IL,1,no,no,48,7,,,,yes,33,48,12,81,48,11.57,6.86,no,no,no,0.0,1.0,0.0,1,1.0,9,0.64,Dustin Erikstrup
88,Kail,Harbick,bbus8,8,regular,7,2007,14,81,37,30-somethings,female,white,white,no,no,,,non-lgbt,no,mckenzie bridge,OR,1,no,no,41,6,,,,no,0,41,6,41,41,5.86,5.86,no,no,no,0.0,1.0,0.0,3,1.0,10,0.71,Kail Harbick
89,Nick,Starcevic,bbus8,8,regular,7,2007,14,81,25,20-somethings,male,white,white,no,no,,,non-lgbt,no,kimball,MN,1,no,no,34,5,,,,no,0,34,5,34,34,4.86,4.86,no,no,no,0.0,0.0,0.0,1,0.0,11,0.79,Nick Starcevic
90,Mike,Dutz,bbus8,8,regular,7,2007,14,81,26,20-somethings,male,white,white,no,no,,,non-lgbt,no,three lakes,WS,1,no,no,27,4,,,,no,0,27,4,27,27,3.86,3.86,no,no,no,0.0,0.0,0.0,1,0.0,12,0.86,Mike Dutz
91,Joe,Barber,bbus8,8,regular,7,2007,14,81,23,20-somethings,male,white,white,no,no,,,gay,no,chicago,IL,1,no,no,20,3,,,,no,0,20,3,20,20,2.86,2.86,no,no,no,0.0,0.0,0.0,1,0.0,13,0.93,Joe Barber
92,Carol,Journey,bbus8,8,regular,7,2007,14,81,21,20-somethings,female,latinx,other-latinx,yes,no,,,non-lgbt,no,lawrence,KS,1,no,no,13,2,,,,no,0,13,2,13,13,1.86,1.86,no,no,no,0.0,0.0,0.0,1,0.0,14,1.0,Carol Journey
93,Adam,Jasinski,bbus9,9,winter,1,2008,16,81,29,20-somethings,male,white,white,no,no,,,non-lgbt,no,delray beach,FL,1,no,no,81,12,,,,final,0,81,12,81,81,11.57,11.57,no,no,no,1.0,2.0,0.0,3,3.0,1,0.06,Adam Jasinski
94,Ryan,Quicksall,bbus9,9,winter,1,2008,16,81,27,20-somethings,male,white,white,no,no,,,non-lgbt,no,columbus,OH,1,no,no,81,12,,,,final,0,81,12,81,81,11.57,11.57,no,no,no,2.0,3.0,0.0,3,5.0,2,0.13,Ryan Quicksall
95,Sheila,Kennedy,bbus9,9,winter,1,2008,16,81,45,40-somethings,female,white,white,no,no,,,non-lgbt,no,reseda,CA,1,no,no,77,11,,,,yes,4,77,12,81,77,11.57,11.0,no,no,no,0.0,1.0,0.0,5,1.0,3,0.19,Sheila Kennedy
96,Sharon,Obermueller,bbus9,9,winter,1,2008,16,81,23,20-somethings,female,white,white,no,no,,,non-lgbt,no,olathe,KS,1,yes,yes,3,0,7,4,0.571428571,yes,6,75,12,81,71,11.57,10.14,no,no,no,1.0,1.0,0.0,6,2.0,4,0.25,Sharon Obermueller
97,Natalie,Cunial,bbus9,9,winter,1,2008,16,81,28,20-somethings,female,white,white,no,no,,,non-lgbt,no,salem,OR,1,no,no,70,10,,,,yes,11,70,12,81,70,11.57,10.0,no,no,no,2.0,1.0,0.0,3,3.0,5,0.31,Natalie Cunial
98,James,Zinkand,bbus9,9,winter,1,2008,16,81,21,20-somethings,male,white,white,no,no,,,bisexual,no,sarasota,FL,1,yes,yes,35,5,35,0,0,yes,18,63,12,81,63,11.57,9.0,yes,no,no,3.0,2.0,0.0,4,5.0,6,0.38,James Zinkand
99,Joshua,Welch,bbus9,9,winter,1,2008,16,81,25,20-somethings,male,white,white,no,no,,,gay,no,dallas,TX,1,no,no,56,8,,,,yes,25,56,12,81,56,11.57,8.0,no,no,no,1.0,1.0,0.0,1,2.0,7,0.44,Joshua Welch
100,Chelsia,Hart,bbus9,9,winter,1,2008,16,81,21,20-somethings,female,white,white,no,no,,,non-lgbt,no,cedar falls,IA,1,no,no,49,7,,,,yes,32,49,12,81,49,11.57,7.0,no,no,no,1.0,1.0,0.0,2,2.0,8,0.5,Chelsia Hart
101,Matty,McDonald,bbus9,9,winter,1,2008,16,81,23,20-somethings,male,white,white,no,no,,,non-lgbt,no,charlestown,MA,1,no,no,42,6,,,,yes,39,42,12,81,42,11.57,6.0,no,no,no,2.0,0.0,0.0,3,2.0,9,0.56,Matty McDonald
102,Allison,Nichols,bbus9,9,winter,1,2008,16,81,28,20-somethings,female,white,white,no,no,,,non-lgbt,no,boston,MA,1,yes,no,28,4,35,7,1,no,0,28,4,28,28,4.0,4.0,no,no,no,0.0,0.0,0.0,2,0.0,10,0.63,Allison Nichols
103,Alex,Coladonato,bbus9,9,winter,1,2008,16,81,24,20-somethings,male,white,white,no,no,,,non-lgbt,no,staten island,NY,1,yes,no,21,3,35,14,2,no,0,21,3,21,21,3.0,3.0,no,no,no,0.0,1.0,0.0,1,1.0,11,0.69,Alex Coladonato
104,Amanda,Hensen,bbus9,9,winter,1,2008,16,81,23,20-somethings,female,white,white,no,no,,,non-lgbt,no,fidley,MN,1,yes,no,21,3,35,14,2,no,0,21,3,21,21,3.0,3.0,no,no,no,0.0,1.0,0.0,1,1.0,12,0.75,Amanda Hensen
105,Jen,Ditumo,bbus9,9,winter,1,2008,16,81,26,20-somethings,female,white,white,no,no,,,non-lgbt,no,columbus,OH,1,yes,no,14,2,35,21,3,no,0,14,2,14,14,2.0,2.0,no,no,no,0.0,0.0,0.0,1,0.0,13,0.81,Jen Ditumo
106,Parker,Somerville,bbus9,9,winter,1,2008,16,81,26,20-somethings,male,black,black,no,no,,,non-lgbt,no,northridge,CA,1,yes,no,14,2,35,21,3,no,0,14,2,14,14,2.0,2.0,no,no,no,0.0,0.0,0.0,1,0.0,14,0.88,Parker Somerville
107,Neil,Garcia,bbus9,9,winter,1,2008,16,81,29,20-somethings,male,latinx,other-latinx,yes,no,,,gay,no,los angeles,CA,1,no,no,7,1,,,,no,0,7,1,7,7,1.0,1.0,no,no,yes,0.0,0.0,0.0,0,0.0,15,0.94,Neil Garcia
108,Jacob,Heald,bbus9,9,winter,1,2008,16,81,23,20-somethings,male,white,white,no,no,,,non-lgbt,no,dallas,GA,1,yes,no,3,0,35,32,4.571428571,no,0,3,1,3,3,0.43,0.43,no,no,no,0.0,0.0,0.0,0,0.0,16,1.0,Jacob Heald
109,Dan,Gheesling,bbus10,10,regular,8,2008,13,71,24,20-somethings,male,white,white,no,no,,,non-lgbt,no,dearborn,MI,1,no,no,71,10,,,,final,0,71,11,71,71,10.14,10.14,no,no,no,2.0,3.0,0.0,1,5.0,1,0.08,Dan Gheesling
110,"Robert ""Memphis""",Garrett,bbus10,10,regular,8,2008,13,71,25,20-somethings,male,white,white,no,no,,,non-lgbt,no,los angeles,CA,1,no,no,71,10,,,,final,0,71,11,71,71,10.14,10.14,no,no,no,3.0,0.0,0.0,4,3.0,2,0.15,"Robert ""Memphis"" Garrett"
111,Jerry,MacDonald,bbus10,10,regular,8,2008,13,71,75,50+,male,white,white,no,no,,,non-lgbt,no,magnolia,TX,1,no,no,66,9,,,,yes,5,66,11,71,66,10.14,9.43,no,no,no,2.0,2.0,0.0,5,4.0,3,0.23,Jerry MacDonald
112,Keesha,Smith,bbus10,10,regular,8,2008,13,71,29,20-somethings,female,white,white,no,no,,,non-lgbt,no,burbank,CA,1,no,no,64,9,,,,yes,7,64,11,71,64,10.14,9.14,yes,no,no,1.0,2.0,0.0,3,3.0,4,0.31,Keesha Smith
113,Renny,Martyn,bbus10,10,regular,8,2008,13,71,53,50+,female,white,white,no,no,,,non-lgbt,no,new orleans,LA,1,no,no,59,8,,,,yes,12,59,11,71,59,10.14,8.43,no,no,no,0.0,1.0,0.0,2,1.0,5,0.38,Renny Martyn
114,"Bryan ""Ollie""",Ollie,bbus10,10,regular,8,2008,13,71,27,20-somethings,male,black,black,no,no,,,non-lgbt,no,bloomington,MN,1,no,no,52,7,,,,yes,19,52,11,71,52,10.14,7.43,no,no,no,0.0,0.0,0.0,1,0.0,6,0.46,"Bryan ""Ollie"" Ollie"
115,Michelle,Costa,bbus10,10,regular,8,2008,13,71,28,20-somethings,female,portuguese,portuguese,no,no,,,non-lgbt,no,cumberland,RI,1,no,no,52,7,,,,yes,19,52,11,71,52,10.14,7.43,no,no,no,1.0,1.0,0.0,1,2.0,7,0.54,Michelle Costa
116,April,Dowling,bbus10,10,regular,8,2008,13,71,30,30-somethings,female,white,white,no,no,,,non-lgbt,no,higley,AZ,1,no,no,45,6,,,,yes,26,45,11,71,45,10.14,6.43,no,no,no,0.0,1.0,0.0,1,1.0,8,0.62,April Dowling
117,Libra,Thompson,bbus10,10,regular,8,2008,13,71,31,30-somethings,female,black,black,no,no,,,non-lgbt,no,spring,TX,1,no,no,38,5,,,,yes,33,38,11,71,38,10.14,5.43,no,no,no,0.0,0.0,0.0,1,0.0,9,0.69,Libra Thompson
118,Jessie,Godderz,bbus10,10,regular,8,2008,13,71,22,20-somethings,male,white,white,no,no,,,non-lgbt,no,huntington beach,CA,1,no,no,31,4,,,,no,0,31,5,31,31,4.43,4.43,no,no,no,1.0,1.0,0.0,3,2.0,10,0.77,Jessie Godderz
119,Angie,Swindell,bbus10,10,regular,8,2008,13,71,29,20-somethings,female,asian,asian,no,no,,,non-lgbt,no,orlando,FL,1,no,no,24,3,,,,no,0,24,4,24,24,3.43,3.43,no,no,no,0.0,0.0,0.0,1,0.0,11,0.85,Angie Swindell
120,Steven,Daigle,bbus10,10,regular,8,2008,13,71,35,30-somethings,male,white,white,no,no,,,gay,no,dallas,TX,1,no,no,16,2,,,,no,0,16,3,16,16,2.29,2.29,no,no,no,0.0,0.0,0.0,1,0.0,12,0.92,Steven Daigle
121,Brian,Hart,bbus10,10,regular,8,2008,13,71,27,20-somethings,male,white,white,no,no,,,non-lgbt,no,san francisco,CA,1,no,no,9,1,,,,no,0,9,2,9,9,1.29,1.29,no,no,no,0.0,0.0,0.0,1,0.0,13,1.0,Brian Hart
122,Jordan,Lloyd,bbus11,11,regular,9,2009,13,73,22,20-somethings,female,white,white,no,no,,,non-lgbt,no,charlotte,NC,1,no,no,73,10,,,,final,0,73,11,73,73,10.43,10.43,no,no,no,1.0,2.0,0.0,3,3.0,1,0.08,Jordan Lloyd
123,Natalie,Martinez,bbus11,11,regular,9,2009,13,73,24,20-somethings,female,latinx,biracial-latinx,yes,yes,black,other-hispanic,non-lgbt,no,gilbert,AZ,1,no,no,73,10,,,,final,0,73,11,73,73,10.43,10.43,no,no,no,0.0,1.0,0.0,5,1.0,2,0.15,Natalie Martinez
124,Kevin,Campbell,bbus11,11,regular,9,2009,13,73,29,20-somethings,male,black/asian,biracial,no,yes,black,asian,gay,no,chula vista,CA,1,no,no,73,10,,,,yes,0,73,11,73,73,10.43,10.43,no,no,no,2.0,1.0,0.0,3,3.0,3,0.23,Kevin Campbell
125,Michele,Noonan,bbus11,11,regular,9,2009,13,73,27,20-somethings,female,white,white,no,no,,,bisexual,no,pasadena,CA,1,no,no,66,9,,,,yes,7,66,11,73,66,10.43,9.43,no,no,no,3.0,1.0,0.0,3,4.0,4,0.31,Michele Noonan
126,Jeff,Schroeder,bbus11,11,regular,9,2009,13,73,31,30-somethings,male,white,white,no,no,,,non-lgbt,no,norridge,IL,1,no,no,61,9,,,,yes,12,61,11,73,61,10.43,8.71,yes,no,no,3.0,1.0,0.0,2,4.0,5,0.38,Jeff Schroeder
127,Russell,Kairouz,bbus11,11,regular,9,2009,13,73,24,20-somethings,male,middle eastern,middle eastern,no,no,,,non-lgbt,no,walnut creek,CA,1,no,no,54,8,,,,yes,19,54,11,73,54,10.43,7.71,no,no,no,1.0,1.0,0.0,2,2.0,6,0.46,Russell Kairouz
128,Lydia,Tavera,bbus11,11,regular,9,2009,13,73,24,20-somethings,female,latinx,other-latinx,yes,no,,,bisexual,no,torrance,CA,1,no,no,47,7,,,,yes,26,47,11,73,47,10.43,6.71,no,no,no,0.0,0.0,0.0,4,0.0,7,0.54,Lydia Tavera
129,Chima,Simone,bbus11,11,regular,9,2009,13,73,32,30-somethings,female,black,black,no,no,,,non-lgbt,no,west hollywood,CA,1,no,no,42,6,,,,no,0,42,6,42,42,6.0,6.0,no,yes,no,0.0,1.0,0.0,2,1.0,8,0.62,Chima Simone
130,Jessie,Godderz,bbus11,11,regular,9,2009,13,73,23,20-somethings,male,white,white,no,no,,,non-lgbt,no,huntington beach,CA,2,no,no,40,6,,,,yes,33,40,11,73,40,10.43,5.71,no,no,no,0.0,2.0,0.0,1,2.0,9,0.69,Jessie Godderz
131,Ronnie,Talbott,bbus11,11,regular,9,2009,13,73,30,30-somethings,male,white,white,no,no,,,non-lgbt,no,belpre,OH,1,no,no,33,5,,,,no,0,33,5,33,33,4.71,4.71,no,no,no,0.0,1.0,0.0,1,1.0,10,0.77,Ronnie Talbott
132,Casey,Turner,bbus11,11,regular,9,2009,13,73,41,40-somethings,male,white,white,no,no,,,non-lgbt,no,st petersburg,FL,1,no,no,26,4,,,,no,0,26,4,26,26,3.71,3.71,no,no,no,0.0,0.0,0.0,1,0.0,11,0.85,Casey Turner
133,Laura,Crosby,bbus11,11,regular,9,2009,13,73,21,20-somethings,female,white,white,no,no,,,non-lgbt,no,atlanta,GA,1,no,no,19,3,,,,no,0,19,3,19,19,2.71,2.71,no,no,no,0.0,0.0,0.0,1,0.0,12,0.92,Laura Crosby
134,Braden,Bacha,bbus11,11,regular,9,2009,13,73,28,20-somethings,male,white,white,no,no,,,non-lgbt,no,santa monica,CA,1,no,no,12,2,,,,no,0,12,2,12,12,1.71,1.71,no,no,no,0.0,0.0,0.0,1,0.0,13,1.0,Braden Bacha
135,Hayden,Moss,bbus12,12,regular,10,2010,13,75,24,20-somethings,male,white,white,no,no,,,non-lgbt,no,tempe,AZ,1,no,no,75,11,,,,final,0,75,11,75,75,10.71,10.71,no,no,no,1.0,4.0,0.0,0,5.0,1,0.08,Hayden Moss
136,Lane,Elenburg,bbus12,12,regular,10,2010,13,75,24,20-somethings,male,white,white,no,no,,,non-lgbt,no,decatur,TX,1,no,no,75,11,,,,final,0,75,11,75,75,10.71,10.71,no,no,no,0.0,1.0,0.0,0,1.0,2,0.15,Lane Elenburg
137,Enzo,Palumbo,bbus12,12,regular,10,2010,13,75,32,30-somethings,male,white,white,no,no,,,non-lgbt,no,bayonne,NJ,1,no,no,75,11,,,,yes,0,75,11,75,75,10.71,10.71,no,no,no,1.0,0.0,0.0,0,1.0,3,0.23,Enzo Palumbo
138,Britney,Haynes,bbus12,12,regular,10,2010,13,75,22,20-somethings,female,white,white,no,no,,,non-lgbt,no,huntington,AK,1,no,no,67,10,,,,yes,8,67,11,75,67,10.71,9.57,yes,no,no,3.0,1.0,0.0,0,4.0,4,0.31,Britney Haynes
139,Ragan,Fox,bbus12,12,regular,10,2010,13,75,34,30-somethings,male,white,white,no,no,,,gay,no,west hollywood,CA,1,no,no,62,9,,,,yes,13,62,11,75,62,10.71,8.86,no,no,no,2.0,0.0,0.0,0,2.0,5,0.38,Ragan Fox
140,Brendon,Villegas,bbus12,12,regular,10,2010,13,75,30,30-somethings,male,latinx,biracial-latinx,yes,yes,white,other-hispanic,non-lgbt,no,riverside,CA,1,no,no,55,8,,,,yes,20,55,11,75,55,10.71,7.86,no,no,no,3.0,1.0,0.0,0,4.0,6,0.46,Brendon Villegas
141,Matt,Hoffman,bbus12,12,regular,10,2010,13,75,32,30-somethings,male,white,white,no,no,,,non-lgbt,no,elgin,IL,1,no,no,55,8,,,,yes,20,55,11,75,55,10.71,7.86,no,no,no,1.0,2.0,0.0,0,3.0,7,0.54,Matt Hoffman
142,Kathy,Hillis,bbus12,12,regular,10,2010,13,75,40,40-somethings,female,white,white,no,no,,,non-lgbt,no,texarkana,AR,1,no,no,48,7,,,,yes,27,48,11,75,48,10.71,6.86,no,no,no,0.0,0.0,0.0,0,0.0,8,0.62,Kathy Hillis
143,Rachel,Reilly,bbus12,12,regular,10,2010,13,75,26,20-somethings,female,white,white,no,no,,,non-lgbt,no,las vegas,NV,1,no,no,41,6,,,,yes,34,41,11,75,41,10.71,5.86,no,no,no,0.0,2.0,0.0,0,2.0,9,0.69,Rachel Reilly
144,Kristen,Bitting,bbus12,12,regular,10,2010,13,75,24,20-somethings,female,white,white,no,no,,,non-lgbt,no,philadelphia,PA,1,no,no,34,5,,,,no,0,34,5,34,34,4.86,4.86,no,no,no,0.0,0.0,0.0,0,0.0,10,0.77,Kristen Bitting
145,Andrew,Gordon,bbus12,12,regular,10,2010,13,75,39,30-somethings,male,white,white,no,no,,,non-lgbt,no,miami beach,FL,1,no,no,27,4,,,,no,0,27,4,27,27,3.86,3.86,no,no,no,0.0,0.0,0.0,0,0.0,11,0.85,Andrew Gordon
146,Monet,Stunson,bbus12,12,regular,10,2010,13,75,24,20-somethings,female,black,biracial,no,yes,black,white,non-lgbt,no,glen carbon,IL,1,no,no,20,3,,,,no,0,20,3,20,20,2.86,2.86,no,no,no,0.0,0.0,0.0,0,0.0,12,0.92,Monet Stunson
147,Annie,Whittington,bbus12,12,regular,10,2010,13,75,27,20-somethings,female,white,white,no,no,,,bisexual,no,tampa,FL,1,no,no,13,2,,,,no,0,13,2,13,13,1.86,1.86,no,no,no,0.0,0.0,0.0,0,0.0,13,1.0,Annie Whittington
148,Rachel,Reilly,bbus13,13,regular,11,2011,14,75,27,20-somethings,female,white,white,no,no,,,non-lgbt,no,las vegas,NV,2,no,no,75,11,,,,final,0,75,11,75,75,10.71,10.71,no,no,no,2.0,4.0,0.0,5,6.0,1,0.07,Rachel Reilly
149,Porsche,Briggs,bbus13,13,regular,11,2011,14,75,23,20-somethings,female,white,white,no,no,,,non-lgbt,no,miami beach,FL,1,no,no,75,11,,,,final,0,75,11,75,75,10.71,10.71,no,no,no,2.0,1.0,0.0,5,3.0,2,0.14,Porsche Briggs
150,Adam,Poch,bbus13,13,regular,11,2011,14,75,39,30-somethings,male,white,white,no,no,,,non-lgbt,no,hoboken,NJ,1,no,no,75,11,,,,yes,0,75,11,75,75,10.71,10.71,no,no,no,2.0,1.0,0.0,5,3.0,3,0.21,Adam Poch
151,Jordan,Lloyd,bbus13,13,regular,11,2011,14,75,24,20-somethings,female,white,white,no,no,,,non-lgbt,no,matthews,NC,2,no,no,69,10,,,,yes,6,69,11,75,69,10.71,9.86,no,no,no,0.0,1.0,0.0,3,1.0,4,0.29,Jordan Lloyd
152,Kalia,Booker,bbus13,13,regular,11,2011,14,75,30,30-somethings,female,black,black,no,no,,,non-lgbt,no,los angeles,CA,1,no,no,67,10,,,,yes,8,67,11,75,67,10.71,9.57,no,no,no,0.0,2.0,0.0,2,2.0,5,0.36,Kalia Booker
153,Shelly,Moore,bbus13,13,regular,11,2011,14,75,41,40-somethings,male,white,white,no,no,,,non-lgbt,no,prairieville,LA,1,no,no,62,9,,,,yes,13,62,11,75,62,10.71,8.86,no,no,no,0.0,0.0,0.0,3,0.0,6,0.43,Shelly Moore
154,Jeff,Schroeder,bbus13,13,regular,11,2011,14,75,33,30-somethings,male,white,white,no,no,,,non-lgbt,no,norridge,IL,2,no,no,55,8,,,,yes,20,55,11,75,55,10.71,7.86,yes,no,no,2.0,1.0,0.0,2,3.0,7,0.5,Jeff Schroeder
155,Daniele,Donato,bbus13,13,regular,11,2011,14,75,24,20-somethings,female,white,white,no,no,,,non-lgbt,no,huntington beach,CA,2,no,no,55,8,,,,yes,20,55,11,75,55,10.71,7.86,no,no,no,0.0,2.0,0.0,1,2.0,8,0.57,Daniele Donato
156,Brendon,Villegas,bbus13,13,regular,11,2011,14,75,31,30-somethings,male,latinx,biracial-latinx,yes,yes,white,other-hispanic,non-lgbt,no,riverside,CA,2,yes,yes,34,5,41,7,1,yes,27,48,11,75,41,10.71,5.86,no,no,no,3.0,0.0,0.0,2,3.0,9,0.64,Brendon Villegas
157,Lawon,Exum,bbus13,13,regular,11,2011,14,75,39,30-somethings,male,black,black,no,no,,,gay,no,inglewood,CA,1,yes,no,41,6,41,0,0,no,0,41,6,41,41,5.86,5.86,no,no,no,0.0,0.0,0.0,1,0.0,10,0.71,Lawon Exum
158,Dominic,Briones,bbus13,13,regular,11,2011,14,75,25,20-somethings,male,asian,biracial,no,yes,asian,white,non-lgbt,no,san mateo,CA,1,yes,no,27,4,41,14,2,no,0,27,4,27,27,3.86,3.86,no,no,no,1.0,0.0,0.0,2,1.0,11,0.79,Dominic Briones
159,Cassi,Colvin,bbus13,13,regular,11,2011,14,75,26,20-somethings,female,white,white,no,no,,,non-lgbt,no,nashville,TN,1,yes,no,20,3,41,21,3,no,0,20,3,20,20,2.86,2.86,no,no,no,0.0,0.0,0.0,1,0.0,12,0.86,Cassi Colvin
160,Keith,Henderson,bbus13,13,regular,11,2011,14,75,32,30-somethings,male,black,black,no,no,,,non-lgbt,no,bolingbrook,IL,1,yes,no,13,2,41,28,4,no,0,13,2,13,13,1.86,1.86,no,no,no,0.0,0.0,0.0,1,0.0,13,0.93,Keith Henderson
161,Dick,Donato,bbus13,13,regular,11,2011,14,75,48,40-somethings,male,white,white,no,no,,,non-lgbt,no,los angeles,CA,2,no,no,6,1,,,,no,0,6,1,6,6,0.86,0.86,no,no,yes,0.0,0.0,0.0,0,0.0,14,1.0,Dick Donato
162,Ian,Terry,bbus14,14,regular,12,2012,16,75,21,20-somethings,male,white,white,no,no,,,non-lgbt,no,new orleans,LA,1,no,no,75,11,,,,final,0,75,11,75,75,10.71,10.71,no,no,no,2.0,4.0,0.0,2,6.0,1,0.06,Ian Terry
163,Dan,Gheesling,bbus14,14,regular,12,2012,16,75,28,20-somethings,male,white,white,no,no,,,non-lgbt,no,west bloomingfield,MI,2,no,no,75,11,,,,final,0,75,11,75,75,10.71,10.71,no,no,no,1.0,1.0,0.0,3,2.0,2,0.13,Dan Gheesling
164,Danielle,Murphree,bbus14,14,regular,12,2012,16,75,23,20-somethings,female,white,white,no,no,,,non-lgbt,no,tuscaloosa,AL,1,no,no,75,11,,,,yes,0,75,11,75,75,10.71,10.71,no,no,no,2.0,2.0,0.0,6,4.0,3,0.19,Danielle Murphree
165,Shane,Meaney,bbus14,14,regular,12,2012,16,75,28,20-somethings,male,white,white,no,no,,,non-lgbt,no,bennington,VT,1,no,no,69,10,,,,yes,6,69,11,75,69,10.71,9.86,no,no,no,4.0,2.0,0.0,3,6.0,4,0.25,Shane Meaney
166,"Jenn ""JennCity""",Arroyo,bbus14,14,regular,12,2012,16,75,37,30-somethings,female,latinx,other-latinx,yes,no,,,lesbian,no,brooklyn,NY,1,no,no,67,10,,,,yes,8,67,11,75,67,10.71,9.57,no,no,no,1.0,0.0,0.0,4,1.0,5,0.31,"Jenn ""JennCity"" Arroyo"
167,Joe,Arvin,bbus14,14,regular,12,2012,16,75,41,40-somethings,male,white,white,no,no,,,non-lgbt,no,schererville,IN,1,no,no,62,9,,,,yes,13,62,11,75,62,10.71,8.86,no,no,no,0.0,0.0,0.0,5,0.0,6,0.38,Joe Arvin
168,Frank,Eudy,bbus14,14,regular,12,2012,16,75,28,20-somethings,male,white,white,no,no,,,non-lgbt,no,naples,FL,1,no,no,62,9,,,,yes,13,62,11,75,62,10.71,8.86,yes,no,no,3.0,3.0,0.0,5,6.0,7,0.44,Frank Eudy
169,Britney,Haynes,bbus14,14,regular,12,2012,16,75,24,20-somethings,female,white,white,no,no,,,non-lgbt,no,tulsa,OK,2,no,no,55,8,,,,yes,20,55,11,75,55,10.71,7.86,no,no,no,0.0,0.0,0.0,1,0.0,8,0.5,Britney Haynes
170,Ashley,Iocco,bbus14,14,regular,12,2012,16,75,26,20-somethings,female,white,white,no,no,,,non-lgbt,no,west hollywood,CA,1,no,no,48,7,,,,yes,27,48,11,75,48,10.71,6.86,no,no,no,0.0,0.0,0.0,2,0.0,9,0.56,Ashley Iocco
171,"Mike ""Boogie""",Malin,bbus14,14,regular,12,2012,16,75,41,40-somethings,male,white,white,no,no,,,non-lgbt,no,studio city,CA,3,no,no,48,7,,,,no,0,48,7,48,48,6.86,6.86,no,no,no,0.0,0.0,1.0,1,1.0,10,0.63,"Mike ""Boogie"" Malin"
172,Wil,Heuser,bbus14,14,regular,12,2012,16,75,24,20-somethings,male,white,white,no,no,,,gay,no,louisville,KY,1,no,no,41,6,,,,no,0,41,6,41,41,5.86,5.86,no,no,no,0.0,0.0,0.0,2,0.0,11,0.69,Wil Heuser
173,Janelle,Pierzina,bbus14,14,regular,12,2012,16,75,32,30-somethings,female,white,white,no,no,,,non-lgbt,no,lakeville,MN,3,no,no,34,5,,,,no,0,34,5,34,34,4.86,4.86,no,no,no,0.0,0.0,2.0,1,2.0,12,0.75,Janelle Pierzina
174,"Josephine ""JoJo""",Spatafora,bbus14,14,regular,12,2012,16,75,26,20-somethings,female,white,white,no,no,,,bisexual,no,staten island,NY,1,no,no,20,3,,,,no,0,20,3,20,20,2.86,2.86,no,no,no,0.0,0.0,0.0,1,0.0,13,0.81,"Josephine ""JoJo"" Spatafora"
175,Willie,Hantz,bbus14,14,regular,12,2012,16,75,34,30-somethings,male,white,white,no,no,,,non-lgbt,no,dayton,TX,1,no,no,14,2,,,,no,0,14,2,14,14,2.0,2.0,no,yes,no,0.0,1.0,0.0,0,1.0,14,0.88,Willie Hantz
176,Kara,Monaco,bbus14,14,regular,12,2012,16,75,29,20-somethings,female,white,white,no,no,,,non-lgbt,no,los angeles,CA,1,no,no,13,2,,,,no,0,13,2,13,13,1.86,1.86,no,no,no,0.0,0.0,0.0,2,0.0,15,0.94,Kara Monaco
177,Jodi,Rollins,bbus14,14,regular,12,2012,16,75,42,40-somethings,female,black,black,no,no,,,non-lgbt,no,calipatria,CA,1,no,no,1,0,,,,no,0,1,1,1,1,0.14,0.14,no,no,no,0.0,0.0,0.0,1,0.0,16,1.0,Jodi Rollins
178,Andy,Herren,bbus15,15,regular,13,2013,16,90,26,20-somethings,male,white,white,no,no,,,gay,no,chicago,IL,1,no,no,90,13,,,,final,0,90,13,90,90,12.86,12.86,no,no,no,1.0,3.0,0.0,1,4.0,1,0.06,Andy Herren
179,GinaMarie,Zimmerman,bbus15,15,regular,13,2013,16,90,32,30-somethings,female,white,white,no,no,,,non-lgbt,no,staten island,NY,1,no,no,90,13,,,,final,0,90,13,90,90,12.86,12.86,no,no,no,0.0,2.0,0.0,4,2.0,2,0.13,GinaMarie Zimmerman
180,Spencer,Clawson,bbus15,15,regular,13,2013,16,90,31,30-somethings,male,white,white,no,no,,,non-lgbt,no,conway,AK,1,no,no,90,13,,,,yes,0,90,13,90,90,12.86,12.86,no,no,no,1.0,1.0,0.0,9,2.0,3,0.19,Spencer Clawson
181,McCrae,Olson,bbus15,15,regular,13,2013,16,90,23,20-somethings,male,white,white,no,no,,,non-lgbt,no,oak grove,MN,1,no,no,84,12,,,,yes,6,84,13,90,84,12.86,12.0,no,no,no,3.0,2.0,0.0,4,5.0,4,0.25,McCrae Olson
182,Judd,Daugherty,bbus15,15,regular,13,2013,16,90,26,20-somethings,male,white,white,no,no,,,non-lgbt,no,etowah,TN,1,yes,yes,49,7,63,14,2,yes,8,82,13,90,68,12.86,9.71,no,no,no,1.0,1.0,0.0,3,2.0,5,0.31,Judd Daugherty
183,Elissa,Slater,bbus15,15,regular,13,2013,16,90,27,20-somethings,female,white,white,no,no,,,non-lgbt,no,kannapolis,NC,1,no,no,77,11,,,,yes,13,77,13,90,77,12.86,11.0,yes,no,no,2.0,1.0,0.0,5,3.0,6,0.38,Elissa Slater
184,Amanda,Zuckerman,bbus15,15,regular,13,2013,16,90,28,20-somethings,female,white,white,no,no,,,non-lgbt,no,boynton beach,FL,1,no,no,77,11,,,,yes,13,77,13,90,77,12.86,11.0,no,no,no,1.0,0.0,0.0,3,1.0,7,0.44,Amanda Zuckerman
185,Aaryn,Gries,bbus15,15,regular,13,2013,16,90,22,20-somethings,female,white,white,no,no,,,non-lgbt,no,san marcos,TX,1,no,no,70,10,,,,yes,20,70,13,90,70,12.86,10.0,no,no,no,1.0,4.0,0.0,3,5.0,8,0.5,Aaryn Gries
186,Helen,Kim,bbus15,15,regular,13,2013,16,90,37,30-somethings,female,asian,asian,no,no,,,non-lgbt,no,chicago,IL,1,yes,no,63,9,63,0,0,yes,27,63,13,90,63,12.86,9.0,no,no,no,0.0,1.0,0.0,2,1.0,9,0.56,Helen Kim
187,Jessie,Kowalski,bbus15,15,regular,13,2013,16,90,25,20-somethings,female,white,white,no,no,,,non-lgbt,no,san antonio,TX,1,yes,no,56,8,63,7,1,yes,34,56,13,90,56,12.86,8.0,no,no,no,1.0,0.0,0.0,4,1.0,10,0.63,Jessie Kowalski
188,Candice,Stewart,bbus15,15,regular,13,2013,16,90,29,20-somethings,female,black,black,no,no,,,non-lgbt,no,houston,TX,1,yes,no,49,7,63,14,2,yes,41,49,13,90,49,12.86,7.0,no,no,no,0.0,0.0,0.0,3,0.0,11,0.69,Candice Stewart
189,Howard,Overby,bbus15,15,regular,13,2013,16,90,29,20-somethings,male,black,black,no,no,,,non-lgbt,no,hattiesburg,MS,1,no,no,42,6,,,,no,0,42,6,42,42,6.0,6.0,no,no,no,0.0,0.0,0.0,1,0.0,12,0.75,Howard Overby
190,Kaitlin,Barnaby,bbus15,15,regular,13,2013,16,90,23,20-somethings,female,white,white,no,no,,,non-lgbt,no,minneapolis,MN,1,no,no,35,5,,,,no,0,35,5,35,35,5.0,5.0,no,no,no,1.0,0.0,0.0,2,1.0,13,0.81,Kaitlin Barnaby
191,Jeremy,McGuire,bbus15,15,regular,13,2013,16,90,23,20-somethings,male,white,white,no,no,,,non-lgbt,no,katy,TX,1,no,no,28,4,,,,no,0,28,4,28,28,4.0,4.0,no,no,no,1.0,0.0,0.0,2,1.0,14,0.88,Jeremy McGuire
192,Nick,Uhas,bbus15,15,regular,13,2013,16,90,28,20-somethings,male,white,white,no,no,,,non-lgbt,no,new york city,NY,1,no,no,21,3,,,,no,0,21,3,21,21,3.0,3.0,no,no,no,0.0,0.0,0.0,1,0.0,15,0.94,Nick Uhas
193,David,Griton,bbus15,15,regular,13,2013,16,90,25,20-somethings,male,white,white,no,no,,,non-lgbt,no,san diego,CA,1,no,no,13,2,,,,no,0,13,2,13,13,1.86,1.86,no,no,no,0.0,0.0,0.0,1,0.0,16,1.0,David Griton
194,Derrick,Lavasseur,bbus16,16,regular,14,2014,16,97,30,30-somethings,male,white,white,no,no,,,non-lgbt,no,providence,RI,1,no,no,97,14,,,,final,0,97,14,97,97,13.86,13.86,no,no,no,0.0,4.0,0.0,1,4.0,1,0.06,Derrick Lavasseur
195,Cody,Calafiore,bbus16,16,regular,14,2014,16,97,23,20-somethings,male,white,white,no,no,,,non-lgbt,no,howell,NJ,1,no,no,97,14,,,,final,0,97,14,97,97,13.86,13.86,no,no,no,3.0,3.0,0.0,2,6.0,2,0.13,Cody Calafiore
196,Victoria,Rafaeli,bbus16,16,regular,14,2014,16,97,22,20-somethings,female,middle eastern,middle eastern,no,no,,,non-lgbt,no,weston,FL,1,no,no,97,14,,,,yes,0,97,14,97,97,13.86,13.86,no,no,no,1.0,0.0,2.0,8,3.0,3,0.19,Victoria Rafaeli
197,Caleb,Reynolds,bbus16,16,regular,14,2014,16,97,26,20-somethings,male,white,white,no,no,,,non-lgbt,no,hopskinville,KY,1,no,no,90,13,,,,yes,7,90,14,97,90,13.86,12.86,no,no,no,0.0,4.0,2.0,3,6.0,4,0.25,Caleb Reynolds
198,Frankie,Grande,bbus16,16,regular,14,2014,16,97,31,30-somethings,male,white,white,no,no,,,gay,no,new york city,NY,1,no,no,88,13,,,,yes,9,88,14,97,88,13.86,12.57,no,no,no,3.0,5.0,1.0,1,9.0,5,0.31,Frankie Grande
199,Christine,Brecht,bbus16,16,regular,14,2014,16,97,23,20-somethings,female,white,white,no,no,,,non-lgbt,no,tucson,AZ,1,no,no,77,11,,,,yes,20,77,14,97,77,13.86,11.0,no,no,no,2.0,1.0,2.0,2,5.0,6,0.38,Christine Brecht
200,Nicole,Franzel,bbus16,16,regular,14,2014,16,97,21,20-somethings,female,white,white,no,no,,,non-lgbt,no,ubly,MI,1,yes,yes,56,8,63,7,1,yes,20,77,14,97,70,13.86,10.0,no,no,no,0.0,3.0,2.0,4,5.0,7,0.44,Nicole Franzel
201,Donny,Thompson,bbus16,16,regular,14,2014,16,97,42,40-somethings,male,white,white,no,no,,,non-lgbt,no,albermarle,NC,1,no,no,70,10,,,,yes,27,70,14,97,70,13.86,10.0,yes,no,no,3.0,1.0,2.0,5,6.0,8,0.5,Donny Thompson
202,Zach,Rance,bbus16,16,regular,14,2014,16,97,23,20-somethings,male,white,white,no,no,,,non-lgbt,no,palm beach,FL,1,yes,no,63,9,63,0,0,yes,34,63,14,97,63,13.86,9.0,no,no,no,1.0,1.0,0.0,4,2.0,9,0.56,Zach Rance
203,Hayden,Voss,bbus16,16,regular,14,2014,16,97,21,20-somethings,male,white,white,no,no,,,non-lgbt,no,long beach,CA,1,yes,no,49,7,63,14,2,yes,48,49,14,97,49,13.86,7.0,no,no,no,1.0,0.0,1.0,1,2.0,10,0.63,Hayden Voss
204,Jocasta,Odom,bbus16,16,regular,14,2014,16,97,33,30-somethings,female,black,black,no,no,,,bisexual,no,lovejoy,GA,1,yes,no,49,7,63,14,2,yes,48,49,14,97,49,13.86,7.0,no,no,no,0.0,0.0,1.0,3,1.0,11,0.69,Jocasta Odom
205,Amber,Borzotra,bbus16,16,regular,14,2014,16,97,26,20-somethings,female,black,biracial,no,yes,black,white,non-lgbt,no,knoxville,TN,1,no,no,42,6,,,,no,0,42,6,42,42,6.0,6.0,no,no,no,0.0,1.0,2.0,1,3.0,12,0.75,Amber Borzotra
206,Brittany,Martinez,bbus16,16,regular,14,2014,16,97,29,20-somethings,female,white,white,no,no,,,non-lgbt,no,torrance,CA,1,no,no,35,5,,,,no,0,35,5,35,35,5.0,5.0,no,no,no,0.0,0.0,1.0,2,1.0,13,0.81,Brittany Martinez
207,Devin,Shepherd,bbus16,16,regular,14,2014,16,97,26,20-somethings,male,black,black,no,no,,,non-lgbt,no,san antonio,TX,1,no,no,28,4,,,,no,0,28,4,28,28,4.0,4.0,no,no,no,1.0,1.0,0.0,1,2.0,14,0.88,Devin Shepherd
208,"Paola ""Pow Pow""",Shea,bbus16,16,regular,14,2014,16,97,27,20-somethings,female,asian,asian,no,no,,,non-lgbt,no,queens,NY,1,no,no,21,3,,,,no,0,21,3,21,21,3.0,3.0,no,no,no,0.0,0.0,0.0,2,0.0,15,0.94,"Paola ""Pow Pow"" Shea"
209,Joey,Van Pelt,bbus16,16,regular,14,2014,16,97,27,20-somethings,female,unknown,unknown,no,no,,,non-lgbt,no,seattle,WA,1,no,no,14,2,,,,no,0,14,2,14,14,2.0,2.0,no,no,no,0.0,0.0,0.0,1,0.0,16,1.0,Joey Van Pelt
210,Steven,Moss,bbus17,17,regular,15,2015,17,98,22,20-somethings,male,white,white,no,no,,,non-lgbt,no,gouveneur,NY,1,no,no,98,14,,,,final,0,98,14,98,98,14.0,14.0,no,no,no,2.0,4.0,1.0,4,7.0,1,0.06,Steven Moss
211,Liz,Nolan,bbus17,17,regular,15,2015,17,98,23,20-somethings,female,white,white,no,no,,,non-lgbt,no,miami,FL,1,no,no,98,14,,,,final,0,98,14,98,98,14.0,14.0,no,no,no,1.0,3.0,1.0,3,5.0,2,0.12,Liz Nolan
212,Vanessa,Rousso,bbus17,17,regular,15,2015,17,98,32,30-somethings,female,white,white,no,no,,,lesbian,no,las vegas,NV,1,no,no,98,14,,,,yes,0,98,14,98,98,14.0,14.0,no,no,no,3.0,4.0,0.0,3,7.0,3,0.18,Vanessa Rousso
213,"John ""Johnny Mac""",McGuire,bbus17,17,regular,15,2015,17,98,27,20-somethings,male,white,white,no,no,,,non-lgbt,no,jefferson township,PA,1,yes,yes,71,10,71,0,0,yes,27,71,14,98,71,14.0,10.14,no,no,no,4.0,0.0,1.0,8,5.0,4,0.24,"John ""Johnny Mac"" McGuire"
214,Austin,Matelson,bbus17,17,regular,15,2015,17,98,30,30-somethings,male,white,white,no,no,,,non-lgbt,no,woodland hills,CA,1,no,no,89,13,,,,yes,9,89,14,98,89,14.0,12.71,no,no,no,1.0,2.0,0.0,2,3.0,5,0.29,Austin Matelson
215,Julia,Nolan,bbus17,17,regular,15,2015,17,98,23,20-somethings,female,white,white,no,no,,,non-lgbt,no,miami,FL,1,no,no,85,12,,,,yes,13,85,14,98,85,14.0,12.14,no,no,no,1.0,0.0,0.0,2,1.0,6,0.35,Julia Nolan
216,James,Huling,bbus17,17,regular,15,2015,17,98,31,30-somethings,male,asian,asian,no,no,,,non-lgbt,no,wichita falls,TX,1,no,no,78,11,,,,yes,20,78,14,98,78,14.0,11.14,yes,no,no,2.0,2.0,2.0,3,6.0,7,0.41,James Huling
217,Meg,Maley,bbus17,17,regular,15,2015,17,98,25,20-somethings,female,white,white,no,no,,,non-lgbt,no,new york city,NY,1,no,no,78,11,,,,yes,20,78,14,98,78,14.0,11.14,no,no,no,0.0,0.0,1.0,3,1.0,8,0.47,Meg Maley
218,Becky,Burgess,bbus17,17,regular,15,2015,17,98,26,20-somethings,female,white,white,no,no,,,non-lgbt,no,denver,CO,1,yes,no,64,9,71,7,1,yes,34,64,14,98,64,14.0,9.14,no,no,no,0.0,2.0,1.0,2,3.0,9,0.53,Becky Burgess
219,Jackie,Ibarra,bbus17,17,regular,15,2015,17,98,27,20-somethings,female,latinx,other-latinx,yes,no,,,non-lgbt,no,las vegas,NV,1,yes,no,57,8,71,14,2,yes,41,57,14,98,57,14.0,8.14,no,no,no,0.0,1.0,1.0,2,2.0,10,0.59,Jackie Ibarra
220,Shelli,Poole,bbus17,17,regular,15,2015,17,98,33,30-somethings,female,white,white,no,no,,,non-lgbt,no,atlanta,GA,1,yes,no,57,8,71,14,2,yes,41,57,14,98,57,14.0,8.14,no,no,no,0.0,2.0,0.0,2,2.0,11,0.65,Shelli Poole
221,Clay,Honeycutt,bbus17,17,regular,15,2015,17,98,23,20-somethings,male,white,white,no,no,,,non-lgbt,no,college station,TX,1,no,no,50,7,,,,no,0,50,8,50,50,7.14,7.14,no,no,no,0.0,0.0,0.0,2,0.0,12,0.71,Clay Honeycutt
222,Jason,Roy,bbus17,17,regular,15,2015,17,98,25,20-somethings,male,white,white,no,no,,,gay,no,swansea,MA,1,no,no,43,6,,,,no,0,43,7,43,43,6.14,6.14,no,no,no,0.0,1.0,2.0,2,3.0,13,0.76,Jason Roy
223,Audrey,Middleton,bbus17,17,regular,15,2015,17,98,25,20-somethings,female,white,white,no,no,,,transgender,no,villa rica,GA,1,no,no,36,5,,,,no,0,36,6,36,36,5.14,5.14,no,no,no,0.0,0.0,0.0,1,0.0,14,0.82,Audrey Middleton
224,Jeff,Weldon,bbus17,17,regular,15,2015,17,98,26,20-somethings,male,white,white,no,no,,,non-lgbt,no,tampa,FL,1,no,no,29,4,,,,no,0,29,5,29,29,4.14,4.14,no,no,no,0.0,0.0,0.0,1,0.0,15,0.88,Jeff Weldon
225,Da'Vonne,Rogers,bbus17,17,regular,15,2015,17,98,27,20-somethings,female,black,black,no,no,,,non-lgbt,no,los angeles,CA,1,no,no,22,3,,,,no,0,22,4,22,22,3.14,3.14,no,no,no,0.0,0.0,0.0,1,0.0,16,0.94,Da'Vonne Rogers
226,Jace,Agolli,bbus17,17,regular,15,2015,17,98,23,20-somethings,male,white,white,no,no,,,non-lgbt,no,venice beach,CA,1,no,no,15,2,,,,no,0,15,3,15,15,2.14,2.14,no,no,no,0.0,0.0,0.0,1,0.0,17,1.0,Jace Agolli
227,Nicole,Franzel,bbus18,18,regular,16,2016,16,99,23,20-somethings,female,white,white,no,no,,,non-lgbt,no,ubly,MI,2,no,no,99,14,,,,final,0,99,15,99,99,14.14,14.14,no,no,no,2.0,2.0,0.0,3,4.0,1,0.06,Nicole Franzel
228,Paul,Abrahamian,bbus18,18,regular,16,2016,16,99,23,20-somethings,male,armenian,armenian,no,no,,,non-lgbt,no,tarzana,CA,1,no,no,99,14,,,,final,0,99,15,99,99,14.14,14.14,no,no,no,3.0,3.0,0.0,6,6.0,2,0.13,Paul Abrahamian
229,James,Huling,bbus18,18,regular,16,2016,16,99,32,30-somethings,male,asian,asian,no,no,,,non-lgbt,no,wichita falls,TX,2,no,no,99,14,,,,yes,0,99,15,99,99,14.14,14.14,no,no,no,0.0,1.0,0.0,2,1.0,3,0.19,James Huling
230,Corey,Brooks,bbus18,18,regular,16,2016,16,99,25,20-somethings,male,white,white,no,no,,,non-lgbt,no,dallas,TX,1,no,no,92,13,,,,yes,7,92,15,99,92,14.14,13.14,no,no,no,3.0,2.0,0.0,5,5.0,4,0.25,Corey Brooks
231,Victor,Arroyo,bbus18,18,regular,16,2016,16,99,25,20-somethings,male,latinx,other-latinx,yes,no,,,non-lgbt,no,slidell,LA,1,yes,yes,23,3,37,14,2,yes,9,90,15,99,76,14.14,10.86,yes,no,no,1.0,3.0,1.0,3,5.0,5,0.31,Victor Arroyo
232,Natalie,Negrotti,bbus18,18,regular,16,2016,16,99,26,20-somethings,female,latinx,other-latinx,yes,no,,,non-lgbt,no,franklin park,NJ,1,no,no,86,12,,,,yes,13,86,15,99,86,14.14,12.29,no,no,no,0.0,0.0,0.0,2,0.0,6,0.38,Natalie Negrotti
233,Michelle,Meyer,bbus18,18,regular,16,2016,16,99,23,20-somethings,female,white,white,no,no,,,non-lgbt,no,washington township,MI,1,no,no,79,11,,,,yes,20,79,15,99,79,14.14,11.29,no,no,no,1.0,1.0,0.0,3,2.0,7,0.44,Michelle Meyer
234,Paulie,Calafiore,bbus18,18,regular,16,2016,16,99,27,20-somethings,male,white,white,no,no,,,non-lgbt,no,howell,NJ,1,no,no,65,9,,,,yes,34,65,15,99,65,14.14,9.29,no,no,no,3.0,2.0,0.0,3,5.0,8,0.5,Paulie Calafiore
235,Bridgette,Dunning,bbus18,18,regular,16,2016,16,99,24,20-somethings,female,asian,biracial,no,yes,asian,white,non-lgbt,no,ventura,CA,1,no,no,58,8,,,,yes,41,58,15,99,58,14.14,8.29,no,no,no,1.0,1.0,0.0,4,2.0,9,0.56,Bridgette Dunning
236,Zakiya,Everette,bbus18,18,regular,16,2016,16,99,24,20-somethings,female,black,black,no,no,,,non-lgbt,no,charlotte,NC,1,no,no,58,8,,,,yes,41,58,15,99,58,14.14,8.29,no,no,no,0.0,0.0,0.0,1,0.0,10,0.63,Zakiya Everette
237,Da'Vonne,Rogers,bbus18,18,regular,16,2016,16,99,28,20-somethings,female,black,black,no,no,,,non-lgbt,no,lancaster,CA,2,no,no,51,7,,,,yes,48,51,15,99,51,14.14,7.29,no,no,no,0.0,0.0,0.0,2,0.0,11,0.69,Da'Vonne Rogers
238,Frank,Eudy,bbus18,18,regular,16,2016,16,99,32,30-somethings,male,white,white,no,no,,,non-lgbt,no,charlotte,NC,2,no,no,44,6,,,,no,0,44,7,44,44,6.29,6.29,no,no,no,0.0,0.0,2.0,1,2.0,12,0.75,Frank Eudy
239,Tiffany,Rousso,bbus18,18,regular,16,2016,16,99,32,30-somethings,female,white,white,no,no,,,lesbian,no,palm beach gardens,FL,1,yes,no,37,5,37,0,0,no,0,37,6,37,37,5.29,5.29,no,no,no,0.0,0.0,1.0,4,1.0,13,0.81,Tiffany Rousso
240,Bronte,D'Acquisto,bbus18,18,regular,16,2016,16,99,26,20-somethings,female,white,white,no,no,,,non-lgbt,no,denver,CO,1,yes,no,30,4,30,0,0,no,0,30,5,30,30,4.29,4.29,no,no,no,0.0,0.0,0.0,2,0.0,14,0.88,Bronte D'Acquisto
241,Jozea,Flores,bbus18,18,regular,16,2016,16,99,25,20-somethings,male,latinx,black-latinx,yes,no,,,gay,no,los angeles,CA,1,yes,no,16,2,23,7,1,no,0,16,3,16,16,2.29,2.29,no,no,no,0.0,0.0,0.0,1,0.0,15,0.94,Jozea Flores
242,Glenn,Garcia,bbus18,18,regular,16,2016,16,99,50,50+,male,latinx,other-latinx,yes,no,,,non-lgbt,no,bronx,NY,1,yes,no,2,0,16,14,2,no,0,2,1,2,2,0.29,0.29,no,no,no,0.0,0.0,0.0,1,0.0,16,1.0,Glenn Garcia
243,Morgan,Willett,bbott1,19,over the top,1,2016,13,65,22,20-somethings,female,white,white,no,no,,,non-lgbt,no,austin,TX,1,no,no,65,9,,,,no,0,65,10,65,65,9.29,9.29,no,no,no,2.0,1.0,0.0,5,3.0,1,0.08,Morgan Willett
244,Jason,Roy,bbott1,19,over the top,1,2016,13,65,27,20-somethings,male,white,white,no,no,,,gay,no,swansea,MA,2,no,no,65,9,,,,no,0,65,10,65,65,9.29,9.29,no,no,no,3.0,2.0,0.0,3,5.0,2,0.15,Jason Roy
245,Kryssie,Ridolfi,bbott1,19,over the top,1,2016,13,65,31,30-somethings,female,white,white,no,no,,,unknown,no,schaumburg,IL,1,no,no,65,9,,,,no,0,65,10,65,65,9.29,9.29,no,no,no,0.0,1.0,0.0,4,1.0,3,0.23,Kryssie Ridolfi
246,Justin,Ducan,bbott1,19,over the top,1,2016,13,65,27,20-somethings,male,black,black,no,no,,,non-lgbt,no,new orleans,LA,1,no,no,63,9,,,,no,0,63,9,63,63,9.0,9.0,no,no,no,1.0,0.0,0.0,2,1.0,4,0.31,Justin Ducan
247,Shelby,Stockton,bbott1,19,over the top,1,2016,13,65,24,20-somethings,female,white,white,no,no,,,non-lgbt,no,simi valley,CA,1,no,no,57,8,,,,no,0,57,9,57,57,8.14,8.14,no,no,no,1.0,1.0,0.0,2,2.0,5,0.38,Shelby Stockton
248,"Danielle ""Dani""",Lickey,bbott1,19,over the top,1,2016,13,65,23,20-somethings,female,black,biracial,no,yes,black,white,non-lgbt,no,visalia,CA,1,no,no,50,7,,,,no,0,50,8,50,50,7.14,7.14,no,no,no,1.0,2.0,0.0,5,3.0,6,0.46,"Danielle ""Dani"" Lickey"
249,Whitney,Hogg,bbott1,19,over the top,1,2016,13,65,21,20-somethings,female,white,white,no,no,,,non-lgbt,no,whitesburg,KY,1,no,no,43,6,,,,no,0,43,7,43,43,6.14,6.14,no,no,no,0.0,0.0,0.0,4,0.0,7,0.54,Whitney Hogg
250,Alex,Willett,bbott1,19,over the top,1,2016,13,65,25,20-somethings,female,white,white,no,no,,,non-lgbt,no,dallas,TX,1,no,no,43,6,,,,no,0,43,7,43,43,6.14,6.14,no,no,no,1.0,1.0,0.0,1,2.0,8,0.62,Alex Willett
251,Scott,Dennis,bbott1,19,over the top,1,2016,13,65,24,20-somethings,male,white,white,no,no,,,non-lgbt,no,bangor,ME,1,no,no,36,5,,,,no,0,36,6,36,36,5.14,5.14,no,no,no,0.0,1.0,0.0,2,1.0,9,0.69,Scott Dennis
252,Neeley,Jackson,bbott1,19,over the top,1,2016,13,65,33,30-somethings,female,black,black,no,no,,,non-lgbt,no,fort worth,TX,1,no,no,29,4,,,,no,0,29,5,29,29,4.14,4.14,no,no,no,0.0,0.0,0.0,2,0.0,10,0.77,Neeley Jackson
253,Shane,Chapman,bbott1,19,over the top,1,2016,13,65,24,20-somethings,male,white,white,no,no,,,non-lgbt,no,pisgah forest,NC,1,no,no,22,3,,,,no,0,22,4,22,22,3.14,3.14,no,no,no,1.0,0.0,0.0,2,1.0,11,0.85,Shane Chapman
254,Monte,Massongill,bbott1,19,over the top,1,2016,13,65,25,20-somethings,male,white,white,no,no,,,non-lgbt,no,olive branch,MS,1,no,no,15,2,,,,no,0,15,3,15,15,2.14,2.14,no,no,no,0.0,0.0,0.0,1,0.0,12,0.92,Monte Massongill
255,"Michael ""Cornbread""",Ligon,bbott1,19,over the top,1,2016,13,65,41,40-somethings,male,white,white,no,no,,,non-lgbt,no,augusta,GA,1,no,no,8,1,,,,no,0,8,2,8,8,1.14,1.14,no,no,no,0.0,0.0,0.0,1,0.0,13,1.0,"Michael ""Cornbread"" Ligon"
256,Josh,Martinez,bbus19,20,regular,17,2017,17,92,23,20-somethings,male,latinx,other-latinx,yes,no,,,non-lgbt,no,homestead,FL,1,no,no,92,13,,,,final,0,92,14,92,92,13.14,13.14,no,no,no,1.0,3.0,0.0,3,4.0,1,0.06,Josh Martinez
257,Paul,Abrahamian,bbus19,20,regular,17,2017,17,92,24,20-somethings,male,armenian,armenian,no,no,,,non-lgbt,no,tarzana,CA,2,no,no,92,13,,,,final,0,92,14,92,92,13.14,13.14,no,no,no,5.0,3.0,0.0,2,8.0,2,0.12,Paul Abrahamian
258,Christmas,Abbott,bbus19,20,regular,17,2017,17,92,33,30-somethings,female,white,white,no,no,,,non-lgbt,no,raleigh,NC,1,no,no,92,13,,,,yes,0,92,14,92,92,13.14,13.14,no,no,no,0.0,2.0,0.0,3,2.0,3,0.18,Christmas Abbott
259,Kevin,Schlehuber,bbus19,20,regular,17,2017,17,92,56,50+,male,white,white,no,no,,,non-lgbt,no,boston,MA,1,no,no,86,12,,,,yes,6,86,14,92,86,13.14,12.29,no,no,no,0.0,0.0,1.0,4,1.0,4,0.24,Kevin Schlehuber
260,Alex,Ow,bbus19,20,regular,17,2017,17,92,28,20-somethings,female,asian,asian,no,no,,,non-lgbt,no,camarillo,CA,1,no,no,84,12,,,,yes,8,84,14,92,84,13.14,12.0,no,no,no,1.0,3.0,0.0,4,4.0,5,0.29,Alex Ow
261,Raven,Walton,bbus19,20,regular,17,2017,17,92,23,20-somethings,female,white,white,no,no,,,non-lgbt,no,devalls bluff,AR,1,no,no,79,11,,,,yes,13,79,14,92,79,13.14,11.29,no,no,no,0.0,0.0,0.0,3,0.0,6,0.35,Raven Walton
262,Jason,Dent,bbus19,20,regular,17,2017,17,92,38,30-somethings,male,white,white,no,no,,,non-lgbt,no,humeston,IA,1,no,no,79,11,,,,yes,13,79,14,92,79,13.14,11.29,no,no,no,3.0,2.0,0.0,4,5.0,7,0.41,Jason Dent
263,Matt,Clines,bbus19,20,regular,17,2017,17,92,33,30-somethings,male,white,white,no,no,,,non-lgbt,no,arlington,VA,1,no,no,72,10,,,,yes,20,72,14,92,72,13.14,10.29,no,no,no,1.0,0.0,0.0,4,1.0,8,0.47,Matt Clines
264,Mark,Jansen,bbus19,20,regular,17,2017,17,92,26,20-somethings,male,white,white,no,no,,,non-lgbt,no,grand island,NY,1,no,no,65,9,,,,yes,27,65,14,92,65,13.14,9.29,no,no,no,2.0,0.0,3.0,3,5.0,9,0.53,Mark Jansen
265,Elena,Davies,bbus19,20,regular,17,2017,17,92,26,20-somethings,female,white,white,no,no,,,non-lgbt,no,dallas,TX,1,no,no,58,8,,,,yes,34,58,14,92,58,13.14,8.29,no,no,no,0.0,0.0,0.0,3,0.0,10,0.59,Elena Davies
266,Cody,Nickson,bbus19,20,regular,17,2017,17,92,32,30-somethings,male,white,white,no,no,,,non-lgbt,no,plano,TX,1,yes,yes,23,3,30,7,1,yes,34,58,14,92,51,13.14,7.29,yes,no,no,0.0,1.0,1.0,3,2.0,11,0.65,Cody Nickson
267,Jessica,Graf,bbus19,20,regular,17,2017,17,92,26,20-somethings,female,latinx,biracial-latinx,yes,no,,,non-lgbt,no,los angeles,CA,1,no,no,51,7,,,,no,0,51,8,51,51,7.29,7.29,no,no,no,1.0,1.0,0.0,3,2.0,12,0.71,Jessica Graf
268,Ramses,Soto,bbus19,20,regular,17,2017,17,92,21,20-somethings,male,latinx,black-latinx,yes,no,,,gay,no,grand rapids,MI,1,no,no,37,5,,,,no,0,37,6,37,37,5.29,5.29,no,no,no,0.0,0.0,0.0,2,0.0,13,0.76,Ramses Soto
269,Dominque,Cooper,bbus19,20,regular,17,2017,17,92,31,30-somethings,female,black,black,no,no,,,non-lgbt,no,woodbridge,VA,1,yes,no,30,4,30,0,0,no,0,30,5,30,30,4.29,4.29,no,no,no,0.0,0.0,0.0,1,0.0,14,0.82,Dominque Cooper
270,Jillian,Parker,bbus19,20,regular,17,2017,17,92,24,20-somethings,female,white,white,no,no,,,non-lgbt,no,las vegas,NV,1,yes,no,16,2,30,14,2,no,0,16,3,16,16,2.29,2.29,no,no,no,0.0,0.0,0.0,2,0.0,15,0.88,Jillian Parker
271,Megan,Lowder,bbus19,20,regular,17,2017,17,92,28,20-somethings,female,white,white,no,no,,,non-lgbt,no,phoenix,AZ,1,no,no,8,1,,,,no,0,8,2,8,8,1.14,1.14,no,no,yes,0.0,0.0,0.0,1,0.0,16,0.94,Megan Lowder
272,Cameron,Heard,bbus19,20,regular,17,2017,17,92,24,20-somethings,male,white,white,no,no,,,non-lgbt,no,woodbridge,IL,1,yes,no,1,0,30,29,4.142857143,no,0,1,1,1,1,0.14,0.14,no,no,no,0.0,0.0,0.0,1,0.0,17,1.0,Cameron Heard
273,Marissa,Winokur,cbbus1,21,celebrity,1,2018,11,26,45,40-somethings,female,white,white,no,no,,,non-lgbt,no,toluca lake,CA,1,no,no,26,4,,,,final,0,26,4,26,26,3.71,3.71,no,no,no,1.0,1.0,0.0,2,2.0,1,0.09,Marissa Winokur
274,Ross,Matthews,cbbus1,21,celebrity,1,2018,11,26,38,30-somethings,male,white,white,no,no,,,gay,no,palm springs,CA,1,no,no,26,4,,,,final,0,26,4,26,26,3.71,3.71,yes,no,no,2.0,3.0,0.0,3,5.0,2,0.18,Ross Matthews
275,Mark,McGrath,cbbus1,21,celebrity,1,2018,11,26,49,40-somethings,male,white,white,no,no,,,non-lgbt,no,studio city,CA,1,no,no,26,4,,,,yes,0,26,4,26,26,3.71,3.71,no,no,no,1.0,0.0,0.0,2,1.0,3,0.27,Mark McGrath
276,Ariadna,Gutierrez,cbbus1,21,celebrity,1,2018,11,26,24,20-somethings,female,latinx,other-latinx,yes,no,,,non-lgbt,no,miami,FL,1,no,no,26,4,,,,yes,0,26,4,26,26,3.71,3.71,no,no,no,1.0,1.0,0.0,3,2.0,4,0.36,Ariadna Gutierrez
277,Omarosa,Manigault,cbbus1,21,celebrity,1,2018,11,26,44,40-somethings,female,black,black,no,no,,,non-lgbt,no,jacksonville,FL,1,no,no,26,4,,,,yes,0,26,4,26,26,3.71,3.71,no,no,no,2.0,0.0,0.0,2,2.0,5,0.45,Omarosa Manigault
278,James,Maslow,cbbus1,21,celebrity,1,2018,11,26,27,20-somethings,male,white,white,no,no,,,non-lgbt,no,venice,CA,1,no,no,24,3,,,,yes,0,24,4,24,24,3.43,3.43,no,no,no,0.0,1.0,0.0,3,1.0,6,0.55,James Maslow
279,Brandi,Glanville,cbbus1,21,celebrity,1,2018,11,26,45,40-somethings,female,white,white,no,no,,,bisexual,no,los angeles,CA,1,no,no,24,3,,,,yes,0,24,4,24,24,3.43,3.43,no,no,no,0.0,0.0,0.0,2,0.0,7,0.64,Brandi Glanville
280,Metta,World Peace,cbbus1,21,celebrity,1,2018,11,26,38,30-somethings,male,black,black,no,no,,,non-lgbt,no,los angeles,CA ,1,no,no,40,6,,,,yes,0,40,6,40,40,5.71,5.71,no,no,no,0.0,0.0,0.0,1,0.0,8,0.73,Metta World Peace
281,Shannon,Elizabeth,cbbus1,21,celebrity,1,2018,11,26,44,40-somethings,female,white,white,no,no,,,non-lgbt,no,capetown,South Africa,1,no,no,17,2,,,,yes,0,17,3,17,17,2.43,2.43,no,no,no,1.0,1.0,0.0,1,2.0,9,0.82,Shannon Elizabeth
282,Keshia,Pulliam,cbbus1,21,celebrity,1,2018,11,26,38,30-somethings,female,black,black,no,no,,,non-lgbt,no,atlanta,GA,1,no,no,13,2,,,,yes,0,13,2,13,13,1.86,1.86,no,no,no,1.0,0.0,0.0,1,1.0,10,0.91,Keshia Pulliam
283,Chuck,Liddell,cbbus1,21,celebrity,1,2018,11,26,48,40-somethings,male,white,white,no,no,,,non-lgbt,no,calabasas,CA,1,no,no,10,1,,,,yes,0,10,2,10,10,1.43,1.43,no,no,no,0.0,0.0,0.0,1,0.0,11,1.0,Chuck Liddell
284,Kaycee,Clark,bbus20,22,regular,18,2018,16,99,30,30-somethings,female,asian,asian,no,no,,,lesbian,no,tempe,AZ,1,no,no,99,14,,,,final,0,99,15,99,99,14.14,14.14,n ,no,no,5.0,2.0,0.0,2,7.0,1,0.06,Kaycee Clark
285,Tyler,Crispen,bbus20,22,regular,18,2018,16,99,23,20-somethings,male,white,white,no,no,,,non-lgbt,no,hilton head,SC,1,no,no,99,14,,,,final,0,99,15,99,99,14.14,14.14,yes,no,no,3.0,3.0,0.0,3,6.0,2,0.13,Tyler Crispen
286,JC,Mounduix,bbus20,22,regular,18,2018,16,99,28,20-somethings,male,hispanic,white-latinx,yes,no,,,gay,no,west hollywood,CA,1,no,no,99,14,,,,yes,0,99,15,99,99,14.14,14.14,no,no,no,0.0,1.0,0.0,3,1.0,3,0.19,JC Mounduix
287,Angela,Rummans,bbus20,22,regular,18,2018,16,99,26,20-somethings,female,white,white,no,no,,,non-lgbt,no,playa vista,CA,1,no,no,93,13,,,,yes,6,93,15,99,93,14.14,13.29,no,no,no,2.0,3.0,0.0,2,5.0,4,0.25,Angela Rummans
288,"Samantha ""Sam""",Bledsoe,bbus20,22,regular,18,2018,16,99,27,20-somethings,female,white,white,no,no,,,non-lgbt,no,stuarts draft,VA,1,no,no,91,13,,,,yes,8,91,15,99,91,14.14,13.0,no,no,no,0.0,1.0,0.0,4,1.0,5,0.31,"Samantha ""Sam"" Bledsoe"
289,Brett,Robinson,bbus20,22,regular,18,2018,16,99,25,20-somethings,male,white,white,no,no,,,non-lgbt,no,charlestown,MA,1,no,no,86,12,,,,yes,13,86,15,99,86,14.14,12.29,no,no,no,1.0,0.0,0.0,4,1.0,6,0.38,Brett Robinson
290,Haleigh,Broucher,bbus20,22,regular,18,2018,16,99,21,20-somethings,female,white,white,no,no,,,non-lgbt,no,college station,TX,1,no,no,86,12,,,,yes,13,86,15,99,86,14.14,12.29,no,no,no,0.0,1.0,0.0,4,1.0,7,0.44,Haleigh Broucher
291,Scottie,Salton,bbus20,22,regular,18,2018,16,99,26,20-somethings,male,white,white,no,no,,,non-lgbt,no,chicago,IL,1,yes,yes,65,9,72,7,1,yes,34,65,15,99,58,14.14,8.29,no,no,no,1.0,1.0,0.0,4,2.0,8,0.5,Scottie Salton
292,Faysal,Shafaat,bbus20,22,regular,18,2018,16,99,26,20-somethings,male,middle eastern,middle eastern,no,no,,,non-lgbt,no,orlando,FL,1,yes,no,72,10,72,0,0,yes,27,72,15,99,72,14.14,10.29,no,no,no,2.0,1.0,0.0,1,3.0,9,0.56,Faysal Shafaat
293,"Angie ""Rockstar""",Lantry,bbus20,22,regular,18,2018,16,99,34,30-somethings,female,white,white,no,no,,,non-lgbt,no,columbia,MD,1,yes,no,58,8,72,14,2,yes,41,58,15,99,58,14.14,8.29,no,no,no,0.0,0.0,0.0,3,0.0,10,0.63,"Angie ""Rockstar"" Lantry"
294,Bayleigh,Dayton,bbus20,22,regular,18,2018,16,99,25,20-somethings,female,black,black,no,no,,,non-lgbt,no,atlanta,GA,1,yes,no,51,7,72,21,3,yes,48,51,15,99,51,14.14,7.29,no,no,no,0.0,1.0,0.0,1,1.0,11,0.69,Bayleigh Dayton
295,Rachel,Swindler,bbus20,22,regular,18,2018,16,99,29,20-somethings,female,white,white,no,no,,,unknown,no,las vegas,NV,1,no,no,44,6,,,,no,0,44,7,44,44,6.29,6.29,no,no,no,0.0,0.0,0.0,1,0.0,12,0.75,Rachel Swindler
296,Kaitlyn,Herman,bbus20,22,regular,18,2018,16,99,24,20-somethings,female,white,white,no,no,,,non-lgbt,no,encino,CA,1,no,no,37,5,,,,no,0,37,6,37,37,5.29,5.29,no,no,no,0.0,1.0,0.0,1,1.0,13,0.81,Kaitlyn Herman
297,Winston,Hines,bbus20,22,regular,18,2018,16,99,28,20-somethings,male,white,white,no,no,,,non-lgbt,no,bowling green,KY,1,no,no,30,4,,,,no,0,30,5,30,30,4.29,4.29,no,no,no,0.0,0.0,0.0,2,0.0,14,0.88,Winston Hines
298,"Chris ""Swaggy C""",WIlliams,bbus20,22,regular,18,2018,16,99,23,20-somethings,male,black,black,no,no,,,non-lgbt,no,bridgeport,CT,1,no,no,23,3,,,,no,0,23,4,23,23,3.29,3.29,no,no,no,0.0,0.0,0.0,1,0.0,15,0.94,"Chris ""Swaggy C"" WIlliams"
299,Steve,Arienta,bbus20,22,regular,18,2018,16,99,40,40-somethings,male,pacific islander,biracial,no,yes,pacific islander,white,non-lgbt,no,wanaque,NJ,1,no,no,16,2,,,,no,0,16,3,16,16,2.29,2.29,no,no,no,0.0,0.0,0.0,1,0.0,16,1.0,Steve Arienta
300,Tamar,Braxton,cbbus2,23,celebrity,2,2019,12,29,41,40-somethings,female,black,black,no,no,,,non-lgbt,no,los angeles,CA,1,no,no,29,4,,,,final,0,29,5,29,29,4.14,4.14,no,no,no,1.0,1.0,0.0,2,2.0,1,0.08,Tamar Braxton
301,Ricky,Williams,cbbus2,23,celebrity,2,2019,12,29,41,40-somethings,male,black,black,no,no,,,non-lgbt,no,venice beach,CA,1,no,no,29,4,,,,final,0,29,5,29,29,4.14,4.14,no,no,no,1.0,2.0,0.0,1,3.0,2,0.17,Ricky Williams
302,Lolo,Jones,cbbus2,23,celebrity,2,2019,12,29,36,30-somethings,female,black,biracial,no,yes,black,white,non-lgbt,no,baton rouge,LA,1,no,no,29,4,,,,yes,0,29,5,29,29,4.14,4.14,no,no,no,2.0,1.0,0.0,2,3.0,3,0.25,Lolo Jones
303,Dina,Lohan,cbbus2,23,celebrity,2,2019,12,29,56,50+,female,white,white,no,no,,,non-lgbt,no,long island,NY,1,no,no,29,4,,,,yes,0,29,5,29,29,4.14,4.14,no,no,no,0.0,0.0,0.0,3,0.0,4,0.33,Dina Lohan
304,Kandi,Burruss,cbbus2,23,celebrity,2,2019,12,29,42,40-somethings,female,black,black,no,no,,,non-lgbt,no,atlanta,GA,1,no,no,29,4,,,,yes,0,29,5,29,29,4.14,4.14,no,no,no,0.0,0.0,0.0,4,0.0,5,0.42,Kandi Burruss
305,Tom,Green,cbbus2,23,celebrity,2,2019,12,29,47,40-somethings,male,white,white,no,no,,,non-lgbt,no,los angeles,CA,1,no,no,24,3,,,,yes,5,24,5,29,24,4.14,3.43,yes,no,no,2.0,2.0,0.0,4,4.0,6,0.5,Tom Green
306,"Natalie ""Eva Marie""",Marie,cbbus2,23,celebrity,2,2019,12,29,34,30-somethings,female,latinx,other-latinx,yes,no,,,non-lgbt,no,north tustin,CA,1,no,no,24,3,,,,yes,5,24,5,29,24,4.14,3.43,no,no,no,1.0,0.0,0.0,1,1.0,7,0.58,"Natalie ""Eva Marie"" Marie"
307,Kato,Kaelin,cbbus2,23,celebrity,2,2019,12,29,59,50+,male,white,white,no,no,,,non-lgbt,no,los angeles,CA,1,no,no,20,3,,,,yes,9,20,5,29,20,4.14,2.86,no,no,no,1.0,1.0,0.0,1,2.0,8,0.67,Kato Kaelin
308,Joey,Lawrence,cbbus2,23,celebrity,2,2019,12,29,42,40-somethings,male,white,white,no,no,,,non-lgbt,no,los angeles,CA,1,no,no,18,3,,,,yes,11,18,5,29,18,4.14,2.57,no,no,no,0.0,0.0,0.0,2,0.0,9,0.75,Joey Lawrence
309,Ryan,Lochte,cbbus2,23,celebrity,2,2019,12,29,34,30-somethings,male,latinx,biracial-latinx,yes,no,,,non-lgbt,no,gainesville,FL,1,no,no,13,2,,,,yes,16,13,5,29,13,4.14,1.86,no,no,no,0.0,1.0,0.0,1,1.0,10,0.83,Ryan Lochte
310,Jonathan,Bennett,cbbus2,23,celebrity,2,2019,12,29,37,30-somethings,male,white,white,no,no,,,gay,no,newport beach,CA,1,no,no,10,1,,,,yes,19,10,5,29,10,4.14,1.43,no,no,no,0.0,0.0,0.0,2,0.0,11,0.92,Jonathan Bennett
311,Anthony,Scaramucci,cbbus2,23,celebrity,2,2019,12,29,55,50+,male,white,white,no,no,,,non-lgbt,no,manhasset,NY,1,no,no,6,1,,,,yes,23,6,5,29,6,4.14,0.86,no,no,no,0.0,0.0,0.0,1,0.0,12,1.0,Anthony Scaramucci
312,Jackson,Michie,bbus21,24,regular,19,2019,16,99,24,20-somethings,male,white,white,no,no,,,non-lgbt,no,los angeles,CA,1,no,no,99,14,,,,final,0,99,15,99,99,14.14,14.14,no,no,no,4.0,4.0,2.0,3,10.0,1,0.06,Jackson Michie
313,Holly,Allen,bbus21,24,regular,19,2019,16,99,31,30-somethings,female,white,white,no,no,,,non-lgbt,no,los angeles,CA,1,no,no,99,14,,,,final,0,99,15,99,99,14.14,14.14,no,no,no,0.0,2.0,0.0,3,2.0,2,0.13,Holly Allen
314,Nicole,Anthony,bbus21,24,regular,19,2019,16,99,24,20-somethings,female,white,white,no,no,,,non-lgbt,no,long island,NY,1,no,no,99,14,,,,yes,0,99,15,99,99,14.14,14.14,yes,no,no,1.0,2.0,0.0,1,3.0,3,0.19,Nicole Anthony
315,Cliff,Hogg,bbus21,24,regular,19,2019,16,99,53,50+,male,white,white,no,no,,,non-lgbt,no,houston,TX,1,yes,yes,30,4,30,0,0,yes,6,93,15,99,93,14.14,13.29,no,no,no,1.0,1.0,0.0,5,2.0,4,0.25,Cliff Hogg
316,Tommy,Bracco,bbus21,24,regular,19,2019,16,99,28,20-somethings,male,white,white,no,no,,,gay,no,staten island,NY,1,no,no,86,12,,,,yes,13,86,15,99,86,14.14,12.29,no,no,no,2.0,1.0,0.0,2,3.0,5,0.31,Tommy Bracco
317,Christie,Murphy,bbus21,24,regular,19,2019,16,99,28,20-somethings,female,white,white,no,no,,,bisexual,no,keyport,NJ,1,no,no,79,11,,,,yes,20,79,15,99,79,14.14,11.29,no,no,no,0.0,1.0,1.0,5,2.0,6,0.38,Christie Murphy
318,"Jessica ""Jess""",Milagros,bbus21,24,regular,19,2019,16,99,37,30-somethings,female,latinx,other-latinx,yes,no,,,non-lgbt,no,oak park,IL,1,no,no,79,11,,,,yes,20,79,15,99,79,14.14,11.29,no,no,no,1.0,1.0,0.0,2,2.0,7,0.44,"Jessica ""Jess"" Milagros"
319,Nick,Maccarone,bbus21,24,regular,19,2019,16,99,27,20-somethings,male,white,white,no,no,,,non-lgbt,no,sewell,NJ,1,no,no,72,10,,,,yes,27,72,15,99,72,14.14,10.29,no,no,no,1.0,1.0,0.0,2,2.0,8,0.5,Nick Maccarone
320,Analyse,Talvera,bbus21,24,regular,19,2019,16,99,22,20-somethings,female,unknown,unknown,no,no,,,non-lgbt,no,simi valley,CA,1,no,no,65,9,,,,yes,34,65,15,99,65,14.14,9.29,no,no,no,0.0,0.0,0.0,1,0.0,9,0.56,Analyse Talvera
321,"Kathryn ""Kat""",Dunn,bbus21,24,regular,19,2019,16,99,29,20-somethings,female,white,white,no,no,,,non-lgbt,no,dallas,TX,1,no,no,58,8,,,,yes,41,58,15,99,58,14.14,8.29,no,no,no,1.0,0.0,0.0,3,1.0,10,0.63,"Kathryn ""Kat"" Dunn"
322,Jack,Mathews,bbus21,24,regular,19,2019,16,99,28,20-somethings,male,unknown,unknown,no,no,,,non-lgbt,no,tampa,FL,1,no,no,51,7,,,,yes,48,51,15,99,51,14.14,7.29,no,no,no,0.0,1.0,1.0,2,2.0,11,0.69,Jack Mathews
323,Sam,Smith,bbus21,24,regular,19,2019,16,99,31,30-somethings,male,white,white,no,no,,,non-lgbt,no,mountain top,PA,1,no,no,44,6,,,,no,0,44,7,44,44,6.29,6.29,no,no,no,2.0,0.0,0.0,1,2.0,12,0.75,Sam Smith
324,"Isabella ""Bella""",Wang,bbus21,24,regular,19,2019,16,99,22,20-somethings,female,asian,asian,no,no,,,non-lgbt,no,los angeles,CA,1,no,no,37,5,,,,no,0,37,6,37,37,5.29,5.29,no,no,no,0.0,0.0,0.0,1,0.0,13,0.81,"Isabella ""Bella"" Wang"
325,Kemi,Fakunle,bbus21,24,regular,19,2019,16,99,25,20-somethings,female,black,black,no,no,,,non-lgbt,no,brooklyn,NY,1,yes,no,23,3,30,7,1,no,0,23,4,23,23,3.29,3.29,no,no,no,0.0,0.0,0.0,1,0.0,14,0.88,Kemi Fakunle
326,Ovi,Kabir,bbus21,24,regular,19,2019,16,99,22,20-somethings,male,asian,asian,no,no,,,non-lgbt,no,knoxville,TN,1,yes,no,15,2,30,15,2.142857143,no,0,15,3,15,15,2.14,2.14,no,no,no,0.0,0.0,1.0,1,1.0,15,0.94,Ovi Kabir
327,David,Alexander,bbus21,24,regular,19,2019,16,99,29,20-somethings,male,black,black,no,no,,,non-lgbt,no,atlanta,GA,1,yes,no,1,0,30,29,4.142857143,no,0,1,1,1,1,0.14,0.14,no,no,no,0.0,0.0,0.0,0,0.0,16,1.0,David Alexander
328,Keesha,Smith,bbus22,25,all-stars,2,2020,16,85,42,40-somethings,female,white,white,no,no,,,non-lgbt,no,burbank,CA,2,no,no,9,1,,,,no,0,9,2,9,9,1.29,1.29,no,no,no,0.0,0.0,0.0,1,0.0,16,1.0,Keesha Smith
329,Nicole,Anthony,bbus22,25,all-stars,2,2020,16,85,25,20-somethings,female,white,white,no,no,,,non-lgbt,no,long island,NY,2,no,no,16,2,,,,no,0,16,3,16,16,2.29,2.29,no,no,no,0.0,0.0,0.0,1,0.0,15,0.94,Nicole Anthony
330,Janelle,Pierzina,bbus22,25,all-stars,2,2020,16,85,40,40-somethings,female,white,white,no,no,,,non-lgbt,no,miami beach,FL,4,no,no,23,3,,,,no,0,23,4,23,23,3.29,3.29,no,no,no,0.0,0.0,0.0,1,0.0,14,0.88,Janelle Pierzina
331,Kaysar,Ridha,bbus22,25,all-stars,2,2020,16,85,39,30-somethings,male,middle eastern,middle eastern,no,no,,,non-lgbt,no,irvine,CA,3,no,no,30,4,,,,no,0,30,5,30,30,4.29,4.29,no,no,no,0.0,0.0,1.0,2,1.0,13,0.81,Kaysar Ridha
332,Bayleigh,Dayton,bbus22,25,all-stars,2,2020,16,85,27,20-somethings,female,black,black,no,no,,,non-lgbt,no,atlanta,GA,2,no,no,37,5,,,,no,0,37,6,37,37,5.29,5.29,no,no,no,0.0,0.0,0.0,1,0.0,12,0.75,Bayleigh Dayton
333,Ian,Terry,bbus22,25,all-stars,2,2020,16,85,29,20-somethings,male,white,white,no,no,,,non-lgbt,no,new orleans,LA,2,no,no,44,6,,,,yes,41,44,13,85,44,12.14,6.29,no,no,no,0.0,0.0,0.0,1,0.0,11,0.69,Ian Terry
334,Da'Vonne,Rogers,bbus22,25,all-stars,2,2020,16,85,32,30-somethings,female,black,black,no,no,,,non-lgbt,no,los angeles,CA,3,no,no,51,7,,,,yes,34,51,13,85,51,12.14,7.29,yes,no,no,1.0,0.0,0.0,2,1.0,10,0.63,Da'Vonne Rogers
335,Kevin,Campbell,bbus22,25,all-stars,2,2020,16,85,40,40-somethings,male,black/asian,biracial,no,yes,black,asian,gay,no,chula vista,CA,2,no,no,58,8,,,,yes,27,58,13,85,58,12.14,8.29,no,no,no,1.0,0.0,0.0,5,1.0,9,0.56,Kevin Campbell
336,David,Alexander,bbus22,25,all-stars,2,2020,16,85,30,30-somethings,male,black,black,no,no,,,non-lgbt,no,atlanta,GA,2,yes,no,58,8,,,,yes,27,58,13,85,58,12.14,8.29,no,no,no,0.0,0.0,1.0,4,1.0,8,0.5,David Alexander
337,"Daniele ""Donato""",Briones,bbus22,25,all-stars,2,2020,16,85,33,30-somethings,female,white,white,no,no,,,non-lgbt,no,hunting beach,CA,3,no,no,58,8,,,,yes,27,58,13,85,58,12.14,8.29,no,no,no,0.0,1.0,1.0,1,2.0,7,0.44,"Daniele ""Donato"" Briones"
338,Tyler,Crispen,bbus22,25,all-stars,2,2020,16,85,25,20-somethings,male,white,white,no,no,,,non-lgbt,no,hilton head,SC,2,no,no,65,9,,,,yes,20,65,13,85,65,12.14,9.29,no,no,no,2.0,2.0,0.0,2,4.0,6,0.38,Tyler Crispen
339,"Robert ""Memphis""",Garrett,bbus22,25,all-stars,2,2020,16,85,37,30-somethings,male,white,white,no,no,,,non-lgbt,no,los angeles,CA,2,no,no,72,10,,,,yes,13,72,13,85,72,12.14,10.29,no,no,no,1.0,3.0,0.0,1,4.0,5,0.31,"Robert ""Memphis"" Garrett"
340,Christmas,Abbott,bbus22,25,all-stars,2,2020,17,85,38,30-somethings,female,white,white,no,no,,,non-lgbt,no,raleigh,NC,2,no,no,79,11,,,,yes,6,79,13,85,79,12.14,11.29,no,no,no,2.0,1.0,2.0,4,5.0,4,0.24,Christmas Abbott
341,Nicole,Franzel,bbus22,25,all-stars,2,2020,16,85,28,20-somethings,female,white,white,no,no,,,non-lgbt,no,ubly,MI,3,no,no,85,12,,,,yes,0,85,13,85,85,12.14,12.14,no,no,no,1.0,1.0,0.0,4,2.0,3,0.19,Nicole Franzel
342,Enzo,Palumbo,bbus22,25,all-stars,2,2020,16,85,42,40-somethings,male,white,white,no,no,,,non-lgbt,no,bayonne,NJ,2,no,no,85,12,,,,final,0,85,13,85,85,12.14,12.14,no,no,no,1.0,2.0,1.0,1,4.0,2,0.13,Enzo Palumbo
343,Cody,Calafiore,bbus22,25,all-stars,2,2020,16,85,29,20-somethings,male,white,white,no,no,,,non-lgbt,no,howell,NJ,2,no,no,85,12,,,,final,0,85,13,85,85,12.14,12.14,no,no,no,4.0,4.0,0.0,0,8.0,1,0.06,Cody Calafiore
